category	ref	sha	contained_in_main	prs
main	origin/main	29365b34cbfeca636606af0f6b5d4c4ac07c1066	true	none
openPr	origin/codex/add-native-telemetry-contract	4c9396fddbb4165b5dd0e7d9f86495142fab7741	false	847:OPEN:4c9396fddbb4165b5dd0e7d9f86495142fab7741
openPr	origin/codex/admit-native-platform-telemetry	de6d1aff8f64637c4e587b55b9dcd1ee77f2b363	false	845:OPEN:de6d1aff8f64637c4e587b55b9dcd1ee77f2b363
openPr	origin/codex/bind-oclif-telemetry-lifecycle	48c2e36fd2a2397bb5b9129f57ab79f4b24aed50	false	869:OPEN:48c2e36fd2a2397bb5b9129f57ab79f4b24aed50
openPr	origin/codex/bound-native-shutdown-waiting	c74cb5a2d94bf448dea86bb710ebedc998f33b1e	false	865:OPEN:c74cb5a2d94bf448dea86bb710ebedc998f33b1e
openPr	origin/codex/bridge-host-technical-telemetry	cbb3b363d5f48b93950bd508ad1b20156954bc92	false	857:OPEN:cbb3b363d5f48b93950bd508ad1b20156954bc92
openPr	origin/codex/close-research-experiment-design-review	d9d5c95437c882e4eb295e3013634fc1806d801a	false	769:OPEN:d9d5c95437c882e4eb295e3013634fc1806d801a
openPr	origin/codex/consolidate-research-experiment-sdk	223835fccedcb80523b761c571130852bdb106a2	false	531:OPEN:223835fccedcb80523b761c571130852bdb106a2
openPr	origin/codex/construct-native-telemetry-topology	9d0ee2d5520098eaed1cd513bfdfd09df6f24a44	false	851:OPEN:9d0ee2d5520098eaed1cd513bfdfd09df6f24a44
openPr	origin/codex/coordinate-oclif-telemetry-shutdown	9b204417611e08645d2667988e2653c9e9aed7af	false	873:OPEN:9b204417611e08645d2667988e2653c9e9aed7af
openPr	origin/codex/coordinate-server-shutdown	38228b1d920c8d96b67fdf6eb99bd4f1b806e550	false	866:OPEN:38228b1d920c8d96b67fdf6eb99bd4f1b806e550
openPr	origin/codex/correct-native-platform-telemetry-resource-boundary	9eb7fa56ed6fddb0ed4c075304e03c396519df1e	false	846:OPEN:9eb7fa56ed6fddb0ed4c075304e03c396519df1e
openPr	origin/codex/frame-native-platform-telemetry	420a015652a4a59f47c047d99b685a3f4c25e34f	false	844:OPEN:420a015652a4a59f47c047d99b685a3f4c25e34f
openPr	origin/codex/implement-native-telemetry-contract	167aba76c8b82a0c6a8264469ef763be8ae9e04e	false	848:OPEN:167aba76c8b82a0c6a8264469ef763be8ae9e04e
openPr	origin/codex/integrate-habitat-frame-lineage	602b1207a51c35e5d50a3e309a6336fdabbd5ab5	false	727:OPEN:602b1207a51c35e5d50a3e309a6336fdabbd5ab5
openPr	origin/codex/normalize-host-telemetry-propagation	6324d6cc4ff345c358e51afbe06d47fe4779df10	false	859:OPEN:6324d6cc4ff345c358e51afbe06d47fe4779df10
openPr	origin/codex/observe-inngest-attempts	027f49efca5c5614917a43750bfbd174ad3a0717	false	863:OPEN:027f49efca5c5614917a43750bfbd174ad3a0717
openPr	origin/codex/observe-oclif-command-events	cde15660ebc48f6c2fe25a6573608f28b9a0410a	false	871:OPEN:cde15660ebc48f6c2fe25a6573608f28b9a0410a
openPr	origin/codex/project-habitat-temporal-inquiry	5fcb3257933b9c9017e7923b85b244dfa7b239d0	false	728:OPEN:5fcb3257933b9c9017e7923b85b244dfa7b239d0
openPr	origin/codex/ratchet-server-telemetry-context	64f6d2603e127334c6a980e128d848be6de44e10	false	861:OPEN:64f6d2603e127334c6a980e128d848be6de44e10
openPr	origin/codex/record-core-telemetry-retirement	de9e99c1ddf3cb38613fcb58b19afa8dc6b0ffce	false	878:OPEN:de9e99c1ddf3cb38613fcb58b19afa8dc6b0ffce
openPr	origin/codex/record-host-technical-telemetry	7670c5d30dce1524d21e85205074e093f0f73579	false	858:OPEN:7670c5d30dce1524d21e85205074e093f0f73579
openPr	origin/codex/record-host-trace-authority	8a6ba912f422cb7fa2ea17797d9e2c97772d3ec9	false	862:OPEN:8a6ba912f422cb7fa2ea17797d9e2c97772d3ec9
openPr	origin/codex/record-hq-telemetry-lifecycle	1fe0eb6a62a37117c6dd02ca315802354cc2566d	false	854:OPEN:1fe0eb6a62a37117c6dd02ca315802354cc2566d
openPr	origin/codex/record-inngest-attempt-events	e74c0edd0b49a2814c4b0c04b85c218d609707bf	false	864:OPEN:e74c0edd0b49a2814c4b0c04b85c218d609707bf
openPr	origin/codex/record-native-orpc-events	9da469e0f0899b94b4e0dae3ffa7045648478a53	false	856:OPEN:9da469e0f0899b94b4e0dae3ffa7045648478a53
openPr	origin/codex/record-native-telemetry-contract	b345c3439fcff31e648c7dce3529bee90a8837f8	false	850:OPEN:b345c3439fcff31e648c7dce3529bee90a8837f8
openPr	origin/codex/record-native-telemetry-provider	688e1fbe1c54b57c58cd7634c4e6f643096d3907	false	852:OPEN:688e1fbe1c54b57c58cd7634c4e6f643096d3907
openPr	origin/codex/record-oclif-command-events	1e9b9d07dcc36231eb71688cea2a8ab0682aa903	false	872:OPEN:1e9b9d07dcc36231eb71688cea2a8ab0682aa903
openPr	origin/codex/record-oclif-telemetry-acceptance	5794758804bf6c09b063d5f37d41f9b24c6adbe7	false	876:OPEN:5794758804bf6c09b063d5f37d41f9b24c6adbe7
openPr	origin/codex/record-oclif-telemetry-lifecycle	05906b7a21bb70dd3acf4195acc10af9a6429fda	false	870:OPEN:05906b7a21bb70dd3acf4195acc10af9a6429fda
openPr	origin/codex/record-oclif-telemetry-shutdown	7c9abb9d9e2ac97825564927a406bf7caa6e6558	false	874:OPEN:7c9abb9d9e2ac97825564927a406bf7caa6e6558
openPr	origin/codex/record-server-shutdown	2ebbdae9e6e5e1e55b4891e9c08e1f221010bea3	false	867:OPEN:2ebbdae9e6e5e1e55b4891e9c08e1f221010bea3
openPr	origin/codex/reframe-research-experiment-platform	5f99837f5244e34be4eb58db5ec3e3bfefd7c88f	false	768:OPEN:5f99837f5244e34be4eb58db5ec3e3bfefd7c88f
openPr	origin/codex/retire-core-telemetry-singleton	f95c9207130e9794b0de94e3e4417598c4a95fab	false	877:OPEN:f95c9207130e9794b0de94e3e4417598c4a95fab
openPr	origin/codex/route-native-telemetry-admission	a03d24d30beabeb175cb60588f57be15772e042d	false	849:OPEN:a03d24d30beabeb175cb60588f57be15772e042d
openPr	origin/codex/seal-oclif-telemetry-acceptance	32be7a6cf4ef7294a3188ffe31b8ef94cf1564fc	false	875:OPEN:32be7a6cf4ef7294a3188ffe31b8ef94cf1564fc
openPr	origin/codex/seal-server-telemetry-acceptance	6517eea0eba1af4f0ccc88543c2c87579052187a	false	868:OPEN:6517eea0eba1af4f0ccc88543c2c87579052187a
openPr	origin/codex/separate-example-todo-correlation	b6c90e67feae15579a2193def29234d7d8592f25	false	860:OPEN:b6c90e67feae15579a2193def29234d7d8592f25
openPr	origin/codex/wire-hq-telemetry-lifecycle	ede4f03fc49332f701ddba014ca97740f6e1a98f	false	853:OPEN:ede4f03fc49332f701ddba014ca97740f6e1a98f
openPr	origin/codex/wire-native-orpc-events	c3d27a337b361ed0a204c0149ca007397e2df7ea	false	855:OPEN:c3d27a337b361ed0a204c0149ca007397e2df7ea
openPr	origin/fluree-workstream-experiment	be005ba63d4429b1dd5528d356ba8c4f0deed65d	false	548:OPEN:be005ba63d4429b1dd5528d356ba8c4f0deed65d
openPr	origin/fluree-ws-conformance-suites	b45ffd14dd5713ddead9c37f82c0cae27ad577b0	false	550:OPEN:b45ffd14dd5713ddead9c37f82c0cae27ad577b0
openPr	origin/fluree-ws-constant-cost-existence	a1062c4216456a2bf6392148a477bfff1ec35353	false	552:OPEN:a1062c4216456a2bf6392148a477bfff1ec35353
openPr	origin/fluree-ws-constant-cost-head	8d66093190bc1ae26dca5226a67c9b56fcc8de55	false	551:OPEN:8d66093190bc1ae26dca5226a67c9b56fcc8de55
openPr	origin/fluree-ws-guarded-proposals	d28639ae83d4fbd297f680abdc03d91a0040751e	false	549:OPEN:d28639ae83d4fbd297f680abdc03d91a0040751e
openPr	origin/fluree-ws-port-shape-law	a3717cb8982e0ebaf473bbfee915b66a760af004	false	553:OPEN:a3717cb8982e0ebaf473bbfee915b66a760af004
mergedPrExactHead	origin/08-07-docs_runtime_close_telemetry_adoption_authority	e29976086e8de3be53fff4a90137dbe44e71ddd7	false	885:MERGED:e29976086e8de3be53fff4a90137dbe44e71ddd7
mergedPrExactHead	origin/08-07-docs_runtime_tighten_execution_and_deletion_oracles	7d913c92335dc9273cb72dd814a0b2dde095b863	false	884:MERGED:7d913c92335dc9273cb72dd814a0b2dde095b863
mergedPrExactHead	origin/agent-codex-runtime-source-authority-amendment	2422459b09adff29fd55b9a406a8423f45240774	false	881:MERGED:2422459b09adff29fd55b9a406a8423f45240774
mergedPrExactHead	origin/agent-habitat-cli-0-3-0	0b23ed06552312c3ecd125f1a6a4f7e4a9e179f0	false	767:MERGED:0b23ed06552312c3ecd125f1a6a4f7e4a9e179f0
mergedPrExactHead	origin/agent-magic-habitat-owner-batching	0f6e5fc829c13a3f86a6fd207957b28e46c2b1f7	false	766:MERGED:0f6e5fc829c13a3f86a6fd207957b28e46c2b1f7
mergedPrExactHead	origin/agent-root-admit-definition-router	dec0fdad654ded8e5196974e8715f6fc02d1cb66	false	961:MERGED:dec0fdad654ded8e5196974e8715f6fc02d1cb66
mergedPrExactHead	origin/agent-root-admit-derivation-crypto-build	7fd36ac48ce275fa1b7a3d3498e884946d776257	false	962:MERGED:7fd36ac48ce275fa1b7a3d3498e884946d776257
mergedPrExactHead	origin/agent-root-adopt-habitat-0515	a9c90b3af69924fd6e5dc767c3ce478fcf5099a0	false	929:MERGED:a9c90b3af69924fd6e5dc767c3ce478fcf5099a0
mergedPrExactHead	origin/agent-root-audit-platform-readers	ef0fb2703e92783ebcbcd17cb2e540c7bec58646	false	949:MERGED:ef0fb2703e92783ebcbcd17cb2e540c7bec58646
mergedPrExactHead	origin/agent-root-author-runtime-plugin-faces	af2ef17e8f061e10688cc74f01783203af2cbe19	false	944:MERGED:af2ef17e8f061e10688cc74f01783203af2cbe19
mergedPrExactHead	origin/agent-root-author-service-context-lanes	c9b144979ec2770ae7cf8e1c3c783b3efe004d44	false	951:MERGED:c9b144979ec2770ae7cf8e1c3c783b3efe004d44
mergedPrExactHead	origin/agent-root-author-web-projection	0442880bd762ee6850b3210a52763863741e383b	false	953:MERGED:0442880bd762ee6850b3210a52763863741e383b
mergedPrExactHead	origin/agent-root-bound-habitat-cli-harness-budgets	b1e2ff3d19836539f3502e044d82952acf718c90	false	924:MERGED:b1e2ff3d19836539f3502e044d82952acf718c90
mergedPrExactHead	origin/agent-root-clarify-bootgraph-proxy-admission	5defc518dca65dc495e0c82d3aa76447ccc84ad6	false	989:MERGED:5defc518dca65dc495e0c82d3aa76447ccc84ad6
mergedPrExactHead	origin/agent-root-classify-sdk-root-exports	750cf5272e05279d7387fba027c29bfaec0eed67	false	927:MERGED:750cf5272e05279d7387fba027c29bfaec0eed67
mergedPrExactHead	origin/agent-root-close-complete-derivation-joins	45bb2ac003ef25dec0bb172c779e83ba8ebcf664	false	959:MERGED:45bb2ac003ef25dec0bb172c779e83ba8ebcf664
mergedPrExactHead	origin/agent-root-close-lab-derivation-audit	a2ac74036c7e3eaeddc45cf4873c7b7e27586a3e	false	964:MERGED:a2ac74036c7e3eaeddc45cf4873c7b7e27586a3e
mergedPrExactHead	origin/agent-root-compat-grit-source-inventory	15e6d25fa6a6e9a61892d709cbeb62a64f82456e	false	928:MERGED:15e6d25fa6a6e9a61892d709cbeb62a64f82456e
mergedPrExactHead	origin/agent-root-correct-bootgraph-tsdown-allowance	04cf013ef1fd98f93e94e22dfcd471606205cec6	false	991:MERGED:04cf013ef1fd98f93e94e22dfcd471606205cec6
mergedPrExactHead	origin/agent-root-correct-definition-selection-handoff	7062190132c25e43ec5cfb0e0cad9ae2e87c0941	false	965:MERGED:7062190132c25e43ec5cfb0e0cad9ae2e87c0941
mergedPrExactHead	origin/agent-root-correct-runtime-derivation-authority	cfd7023a405957d6cd9a74191481dba8d1150da2	false	955:MERGED:cfd7023a405957d6cd9a74191481dba8d1150da2
mergedPrExactHead	origin/agent-root-correct-semantic-ledger-authority	fe0beebc722fa6898c8fb7924b6845eadb75f82f	false	997:MERGED:fe0beebc722fa6898c8fb7924b6845eadb75f82f
mergedPrExactHead	origin/agent-root-correct-semantic-ledger-descriptors	e8ff820db8099f56f3e644e722344fde1ac9a060	false	999:MERGED:e8ff820db8099f56f3e644e722344fde1ac9a060
mergedPrExactHead	origin/agent-root-correct-semantic-ledger-runtime-law	60765f34883f8f2064b21e05f02b44fe40d8863a	false	1001:MERGED:60765f34883f8f2064b21e05f02b44fe40d8863a
mergedPrExactHead	origin/agent-root-correct-service-use-authority	683e0fbbee0e8cffa5825e773f3631750377e3b3	false	946:MERGED:683e0fbbee0e8cffa5825e773f3631750377e3b3
mergedPrExactHead	origin/agent-root-define-bootgraph-authority	97ea53487d4fdbb5c5b0add744c4ff9f599dd360	false	985:MERGED:97ea53487d4fdbb5c5b0add744c4ff9f599dd360
mergedPrExactHead	origin/agent-root-define-provider-effect-plan-authority	0b3fabdfef79ccc09b3bc520c14c7f2d11a03287	false	981:MERGED:0b3fabdfef79ccc09b3bc520c14c7f2d11a03287
mergedPrExactHead	origin/agent-root-define-runtime-compiler-authority	d5051e2af08844c8857e5d6bf3750791fa329fc1	false	970:MERGED:d5051e2af08844c8857e5d6bf3750791fa329fc1
mergedPrExactHead	origin/agent-root-freeze-complete-derivation-authority	cd46e796f41c2179e36870bc6f520e194e4f4116	false	958:MERGED:cd46e796f41c2179e36870bc6f520e194e4f4116
mergedPrExactHead	origin/agent-root-habitat-0510-nx-provenance-apply	f495c2ac7f9925fd116e2ebc49d62424e80d06dc	false	907:MERGED:f495c2ac7f9925fd116e2ebc49d62424e80d06dc
mergedPrExactHead	origin/agent-root-habitat-0511-release	a16bfd5b1cd17261c6f3ee244f8aca7efe5a1b38	false	916:MERGED:a16bfd5b1cd17261c6f3ee244f8aca7efe5a1b38
mergedPrExactHead	origin/agent-root-habitat-0512-policy-runtime	86f56cb189dce95ad903a74c993639edb04c8ec2	false	917:MERGED:86f56cb189dce95ad903a74c993639edb04c8ec2
mergedPrExactHead	origin/agent-root-habitat-0513-acquisition	060946c1e98d64435dd530b7bbb8ac9786a3c351	false	918:MERGED:060946c1e98d64435dd530b7bbb8ac9786a3c351
mergedPrExactHead	origin/agent-root-habitat-0514-activation	1eba0e09d4074e3e56768a5ff1819e888fd9ffa7	false	919:MERGED:1eba0e09d4074e3e56768a5ff1819e888fd9ffa7
mergedPrExactHead	origin/agent-root-habitat-0514-adoption	05a2566dcf8c4689bd8ce1da288ae323ea59f416	false	920:MERGED:05a2566dcf8c4689bd8ce1da288ae323ea59f416
mergedPrExactHead	origin/agent-root-habitat-0514-adoption-receipt	bcf62aedfc96c6865bc9a66af12e44d4476035bc	false	921:MERGED:bcf62aedfc96c6865bc9a66af12e44d4476035bc
mergedPrExactHead	origin/agent-root-habitat-057-consumer-migration	feabdacb299d95b46f923396e886b88fe3ac97dc	false	904:MERGED:feabdacb299d95b46f923396e886b88fe3ac97dc
mergedPrExactHead	origin/agent-root-habitat-058-release-recovery	6ed5d0aa598f3e0684d5fbdbee405f103afc223e	false	905:MERGED:6ed5d0aa598f3e0684d5fbdbee405f103afc223e
mergedPrExactHead	origin/agent-root-habitat-059-windows-release-budget	970aa33d1511e8944c6151a3bb3a39b831e2661d	false	906:MERGED:970aa33d1511e8944c6151a3bb3a39b831e2661d
mergedPrExactHead	origin/agent-root-habitat-agent-plugin-runtime	c11e8466d3486313d2162c096dab6172c661d08c	false	1024:MERGED:c11e8466d3486313d2162c096dab6172c661d08c
mergedPrExactHead	origin/agent-root-habitat-authoring-cli	5caa7380de172c56e226bbe122cdc4aa38e2f93f	false	1017:MERGED:5caa7380de172c56e226bbe122cdc4aa38e2f93f
mergedPrExactHead	origin/agent-root-habitat-catalog-owner	248400e64e995b2b4532220888354b4900cbb58f	false	908:MERGED:248400e64e995b2b4532220888354b4900cbb58f
mergedPrExactHead	origin/agent-root-habitat-cli-admission	ba6b305fac54b79fe6507d63852b9a49b388c397	false	1023:MERGED:ba6b305fac54b79fe6507d63852b9a49b388c397
mergedPrExactHead	origin/agent-root-habitat-content-workspace	cc21ef12347798b61591d98cadd83ea42a9edaea	false	910:MERGED:cc21ef12347798b61591d98cadd83ea42a9edaea
mergedPrExactHead	origin/agent-root-habitat-dev-runtime	a7f479309d36b142e2abc0450c1d644290afb603	false	1025:MERGED:a7f479309d36b142e2abc0450c1d644290afb603
mergedPrExactHead	origin/agent-root-habitat-lifecycle-service	2f2829d57bad85f662b15ecccbc19de5938c5b3f	false	913:MERGED:2f2829d57bad85f662b15ecccbc19de5938c5b3f
mergedPrExactHead	origin/agent-root-habitat-native-agent-provider	9601cc34e76905f3ed9aeaf94e5cc6d6e2f5be13	false	911:MERGED:9601cc34e76905f3ed9aeaf94e5cc6d6e2f5be13
mergedPrExactHead	origin/agent-root-habitat-native-async	fdee504dea0b61f3ca0cd865567c33392fc82780	false	1019:MERGED:fdee504dea0b61f3ca0cd865567c33392fc82780
mergedPrExactHead	origin/agent-root-habitat-native-oclif-transfer	9905912abcb0e9bc4c7d9949d6e267466a5eacd8	false	915:MERGED:9905912abcb0e9bc4c7d9949d6e267466a5eacd8
mergedPrExactHead	origin/agent-root-habitat-native-server	896437a741ea0177d795b216bd17a7b9af3ef1c2	false	1018:MERGED:896437a741ea0177d795b216bd17a7b9af3ef1c2
mergedPrExactHead	origin/agent-root-habitat-native-web	91d03dcbbfa54da030a0e8d21801333ca8e09b02	false	1022:MERGED:91d03dcbbfa54da030a0e8d21801333ca8e09b02
mergedPrExactHead	origin/agent-root-habitat-oclif-self-host	93bef70068c13f06edbd9ab05110be5afef6db58	false	1015:MERGED:93bef70068c13f06edbd9ab05110be5afef6db58
mergedPrExactHead	origin/agent-root-habitat-package-output	e6d3e10a52522b0bf349429e9d8acc3423f67703	false	909:MERGED:e6d3e10a52522b0bf349429e9d8acc3423f67703
mergedPrExactHead	origin/agent-root-habitat-process-isolation	0290cd07bc3a0c4b1cc1218d072fdc1f5006744d	false	1020:MERGED:0290cd07bc3a0c4b1cc1218d072fdc1f5006744d
mergedPrExactHead	origin/agent-root-habitat-product-separation	1c97ee36646aa9d8ddbe63bcc9712fec36103563	false	922:MERGED:1c97ee36646aa9d8ddbe63bcc9712fec36103563
mergedPrExactHead	origin/agent-root-habitat-qualified-generators	58304deee68af6f3d83543e91f3cf2cb35d389ae	false	1016:MERGED:58304deee68af6f3d83543e91f3cf2cb35d389ae
mergedPrExactHead	origin/agent-root-habitat-runtime-acquisition	8b941b49ed4c521a58f8be4888e0dc0bbdc6465a	false	1009:MERGED:8b941b49ed4c521a58f8be4888e0dc0bbdc6465a
mergedPrExactHead	origin/agent-root-habitat-runtime-adapters	67032429c4a8465515d1cb546f3c577f9b4f7080	false	1011:MERGED:67032429c4a8465515d1cb546f3c577f9b4f7080
mergedPrExactHead	origin/agent-root-habitat-runtime-adoption	7cd3cfc047e1d7cd9cec69d88fe3822998ea2581	false	1027:MERGED:7cd3cfc047e1d7cd9cec69d88fe3822998ea2581
mergedPrExactHead	origin/agent-root-habitat-runtime-binding	a4fd8ffd33930f33c80b73e242e4c34a47d7552d	false	1010:MERGED:a4fd8ffd33930f33c80b73e242e4c34a47d7552d
mergedPrExactHead	origin/agent-root-habitat-runtime-closure	6e1de33f8e83d6b81e911cadb357d988976021bb	false	1028:MERGED:6e1de33f8e83d6b81e911cadb357d988976021bb
mergedPrExactHead	origin/agent-root-habitat-runtime-cold	ddefa31e3decd2c502a45bd8ff12000f120401a8	false	1008:MERGED:ddefa31e3decd2c502a45bd8ff12000f120401a8
mergedPrExactHead	origin/agent-root-habitat-runtime-handoff	5a9a97c2ee33c449a64681c24e7619c9fcf3d59a	false	1012:MERGED:5a9a97c2ee33c449a64681c24e7619c9fcf3d59a
mergedPrExactHead	origin/agent-root-habitat-runtime-mounting	3c0c19d31c9ae8c2ad063d204be9e9857ad617bb	false	1014:MERGED:3c0c19d31c9ae8c2ad063d204be9e9857ad617bb
mergedPrExactHead	origin/agent-root-habitat-runtime-observation	d5ad6504c38d5db27dbabf0e1cbc7f0abfc6b5be	false	1013:MERGED:d5ad6504c38d5db27dbabf0e1cbc7f0abfc6b5be
mergedPrExactHead	origin/agent-root-habitat-runtime-realignment	06a03951d8ac59aa6fe2c154d1fba8762d69c40e	false	1007:MERGED:06a03951d8ac59aa6fe2c154d1fba8762d69c40e
mergedPrExactHead	origin/agent-root-habitat-runtime-release	b12e7e24b0140d487388fdad760848fde1595791	false	1026:MERGED:b12e7e24b0140d487388fdad760848fde1595791
mergedPrExactHead	origin/agent-root-habitat-service-v1	95cac2129f322d09e58931d0d16bf641e2b33ebe	false	886:MERGED:95cac2129f322d09e58931d0d16bf641e2b33ebe
mergedPrExactHead	origin/agent-root-habitat-task-210-scope	e1c106abcb5210c00558cbb2e2a1f8078503920b	false	914:MERGED:e1c106abcb5210c00558cbb2e2a1f8078503920b
mergedPrExactHead	origin/agent-root-habitat-versioned-content	6ca7a46c5e9251dc12faa36dba689ed076183469	false	912:MERGED:6ca7a46c5e9251dc12faa36dba689ed076183469
mergedPrExactHead	origin/agent-root-habitat-workflow-admission	66397039ebdb18f84dcd4b21b7a94194eb7374ff	false	1021:MERGED:66397039ebdb18f84dcd4b21b7a94194eb7374ff
mergedPrExactHead	origin/agent-root-implement-complete-runtime-derivation	597bf6cf1d73d62c4ae82c461c334c71db3e68b5	false	963:MERGED:597bf6cf1d73d62c4ae82c461c334c71db3e68b5
mergedPrExactHead	origin/agent-root-implement-entrypoint-selection-check	7c7dec98cdb72fdfde690e2bb5f468b1e4c22782	false	966:MERGED:7c7dec98cdb72fdfde690e2bb5f468b1e4c22782
mergedPrExactHead	origin/agent-root-implement-provider-effect-plan	277fcce939b4b9fc4be5af40cecee08e0d30547b	false	983:MERGED:277fcce939b4b9fc4be5af40cecee08e0d30547b
mergedPrExactHead	origin/agent-root-implement-runtime-bootgraph	fad12967df3b86cd8c99a96daf5fbf9b10495f4d	false	987:MERGED:fad12967df3b86cd8c99a96daf5fbf9b10495f4d
mergedPrExactHead	origin/agent-root-implement-runtime-derivation-topology	e89792a7f0b9a56905152ce6b011cc9a63fce0d9	false	956:MERGED:e89792a7f0b9a56905152ce6b011cc9a63fce0d9
mergedPrExactHead	origin/agent-root-implement-service-use	3bc7552b00fe3d228362b120b4e1be06ab728e93	false	947:MERGED:3bc7552b00fe3d228362b120b4e1be06ab728e93
mergedPrExactHead	origin/agent-root-isolate-runtime-schema-cache-proof	3b49aeda23e8e6b2866d3fe0b24ae64c3de69106	false	923:MERGED:3b49aeda23e8e6b2866d3fe0b24ae64c3de69106
mergedPrExactHead	origin/agent-root-move-sdk-into-core	59f1b6c01f387597f2462a5a3d8861de1f3a74d7	false	932:MERGED:59f1b6c01f387597f2462a5a3d8861de1f3a74d7
mergedPrExactHead	origin/agent-root-narrow-current-execution-population	16feb0aa821fc300376cb2fa6f4b9b74ab89aa96	false	960:MERGED:16feb0aa821fc300376cb2fa6f4b9b74ab89aa96
mergedPrExactHead	origin/agent-root-prove-bootgraph-ordering	7b1f4736a6448f05d83b8c1f67197eb79b824c09	false	995:MERGED:7b1f4736a6448f05d83b8c1f67197eb79b824c09
mergedPrExactHead	origin/agent-root-prove-compiler-derivation-handoff	9744478c7dbbb3ce50d9429a9ee822e902310a20	false	979:MERGED:9744478c7dbbb3ce50d9429a9ee822e902310a20
mergedPrExactHead	origin/agent-root-prove-compiler-determinism	d0e10c435dfafcb796384f1bf73e8a31363c6f7b	false	977:MERGED:d0e10c435dfafcb796384f1bf73e8a31363c6f7b
mergedPrExactHead	origin/agent-root-prove-compiler-process-closure	5c50629194a0b728ab632e7cfd3086bfd7d57a6e	false	975:MERGED:5c50629194a0b728ab632e7cfd3086bfd7d57a6e
mergedPrExactHead	origin/agent-root-prove-compiler-provider-closure	d61a95fb3cefca2a2fcc55c1016fdbedcf153914	false	973:MERGED:d61a95fb3cefca2a2fcc55c1016fdbedcf153914
mergedPrExactHead	origin/agent-root-prove-selection-derivation-handoff	02a5f45572628045f0d5568ae16ae6687296579d	false	968:MERGED:02a5f45572628045f0d5568ae16ae6687296579d
mergedPrExactHead	origin/agent-root-qualify-platform-telemetry	9282c710476d194aff6b6933a55ff40bdb0f176f	false	926:MERGED:9282c710476d194aff6b6933a55ff40bdb0f176f
mergedPrExactHead	origin/agent-root-realize-runtime-compiler	5edbaa91955be0841172ec604be05ef73ba41a72	false	971:MERGED:5edbaa91955be0841172ec604be05ef73ba41a72
mergedPrExactHead	origin/agent-root-realize-runtime-definition	edfb88a638fb62922dbba0773c2417aa004eebb3	false	942:MERGED:edfb88a638fb62922dbba0773c2417aa004eebb3
mergedPrExactHead	origin/agent-root-record-bootgraph-authority	e0079ee636596a2dd627c3416307ac8187f932e1	false	986:MERGED:e0079ee636596a2dd627c3416307ac8187f932e1
mergedPrExactHead	origin/agent-root-record-bootgraph-ordering	aa233cf4ab9d0d23281cc180e1f28641fdb93c17	false	996:MERGED:aa233cf4ab9d0d23281cc180e1f28641fdb93c17
mergedPrExactHead	origin/agent-root-record-bootgraph-proxy-authority	188864fdf1f2fc0639a46977b7dcabc9255b2db0	false	990:MERGED:188864fdf1f2fc0639a46977b7dcabc9255b2db0
mergedPrExactHead	origin/agent-root-record-bootgraph-proxy-repair	ca09f4182703b905f65ed4328e7f06a340e37575	false	994:MERGED:ca09f4182703b905f65ed4328e7f06a340e37575
mergedPrExactHead	origin/agent-root-record-bootgraph-tsdown-authority	d8df6a1606b7cdb302b87da25995ffa3da26984e	false	992:MERGED:d8df6a1606b7cdb302b87da25995ffa3da26984e
mergedPrExactHead	origin/agent-root-record-fluree-no-candidate	e34d75e030347ad6fc7ef30b08c7d859a33611aa	false	1003:MERGED:e34d75e030347ad6fc7ef30b08c7d859a33611aa
mergedPrExactHead	origin/agent-root-record-fluree-no-candidate-receipt	febba713a84a5a593e3a579bb78d56cc86d3fa30	false	1004:MERGED:febba713a84a5a593e3a579bb78d56cc86d3fa30
mergedPrExactHead	origin/agent-root-record-provider-effect-plan	5f44403f479abc6f434c7dcc2c3ba1370255a0d8	false	984:MERGED:5f44403f479abc6f434c7dcc2c3ba1370255a0d8
mergedPrExactHead	origin/agent-root-record-provider-effect-plan-authority	2ca73bd83bb387fbbcdcc0794e3701185e8c09f5	false	982:MERGED:2ca73bd83bb387fbbcdcc0794e3701185e8c09f5
mergedPrExactHead	origin/agent-root-record-runtime-bootgraph	f78dc5d9391ba05af74fad6af8ffc1c02e823dc1	false	988:MERGED:f78dc5d9391ba05af74fad6af8ffc1c02e823dc1
mergedPrExactHead	origin/agent-root-record-selection-derivation-handoff	e77a41cd6e9e1d6a86a59409b24f993b3d3f72b1	false	969:MERGED:e77a41cd6e9e1d6a86a59409b24f993b3d3f72b1
mergedPrExactHead	origin/agent-root-record-semantic-ledger-authority	01c0414e453c1bc4621d90a2d5e1a3ba775e5fe5	false	998:MERGED:01c0414e453c1bc4621d90a2d5e1a3ba775e5fe5
mergedPrExactHead	origin/agent-root-record-semantic-ledger-realization	c93a878c48db76151029181e2663c86c434d16fc	false	1000:MERGED:c93a878c48db76151029181e2663c86c434d16fc
mergedPrExactHead	origin/agent-root-record-semantic-ledger-runtime-law	3a3df77ed9d31516e59a5360d95752d720a5a6f2	false	1002:MERGED:3a3df77ed9d31516e59a5360d95752d720a5a6f2
mergedPrExactHead	origin/agent-root-record-semantic-ledger-runtime-redesign	a0be9e811489ceda3795e675f80afcf478acd3f9	false	1006:MERGED:a0be9e811489ceda3795e675f80afcf478acd3f9
mergedPrExactHead	origin/agent-root-repair-bootgraph-proxy-admission	bfd13e120690abe01a590682abfaf068123e8e95	false	993:MERGED:bfd13e120690abe01a590682abfaf068123e8e95
mergedPrExactHead	origin/agent-root-reset-runtime-initiative	c0bd326a29e4bf45148b4cb4ea72b8690fa90896	false	941:MERGED:c0bd326a29e4bf45148b4cb4ea72b8690fa90896
mergedPrExactHead	origin/agent-root-seal-compiler-derivation-handoff	e501092d212a2a85d61a849cfc3158af62de6a41	false	980:MERGED:e501092d212a2a85d61a849cfc3158af62de6a41
mergedPrExactHead	origin/agent-root-seal-compiler-determinism	7d69c8a50fc076a6616e62e33d4860e82b1ba8af	false	978:MERGED:7d69c8a50fc076a6616e62e33d4860e82b1ba8af
mergedPrExactHead	origin/agent-root-seal-compiler-process-closure	1de9668eb48c8ecd8e523de84349c754a757ef6e	false	976:MERGED:1de9668eb48c8ecd8e523de84349c754a757ef6e
mergedPrExactHead	origin/agent-root-seal-compiler-provider-closure	4bc05adf4c7e221e159d0e3c8c6e591593b094fe	false	974:MERGED:4bc05adf4c7e221e159d0e3c8c6e591593b094fe
mergedPrExactHead	origin/agent-root-seal-entrypoint-selection-check	c72cbaeebed683cf87dad254c30aef308fca99bf	false	967:MERGED:c72cbaeebed683cf87dad254c30aef308fca99bf
mergedPrExactHead	origin/agent-root-seal-habitat-0515-adoption	17257a26b35c3365838141e1e844d792c2e2d04d	false	930:MERGED:17257a26b35c3365838141e1e844d792c2e2d04d
mergedPrExactHead	origin/agent-root-seal-platform-reader-audit	07369c9f82083e7afa221aeca9c709e7cbf6213b	false	950:MERGED:07369c9f82083e7afa221aeca9c709e7cbf6213b
mergedPrExactHead	origin/agent-root-seal-repository-separation	f98d8cfdb50653c8d62fd4af0e20c7edd9386add	false	925:MERGED:f98d8cfdb50653c8d62fd4af0e20c7edd9386add
mergedPrExactHead	origin/agent-root-seal-runtime-compiler	bfd07f6e45c08094ca61a4c496a71836b7c568ad	false	972:MERGED:bfd07f6e45c08094ca61a4c496a71836b7c568ad
mergedPrExactHead	origin/agent-root-seal-runtime-definition	4c0c629bc199910cafcde31ab531be9802496dfa	false	943:MERGED:4c0c629bc199910cafcde31ab531be9802496dfa
mergedPrExactHead	origin/agent-root-seal-runtime-derivation-topology	614ca6af59c4f90d06c31419f5ae12ed6b97f83c	false	957:MERGED:614ca6af59c4f90d06c31419f5ae12ed6b97f83c
mergedPrExactHead	origin/agent-root-seal-runtime-plugin-faces	e151e26d1507035f4857d7a60fa83d65f5a3f6e1	false	945:MERGED:e151e26d1507035f4857d7a60fa83d65f5a3f6e1
mergedPrExactHead	origin/agent-root-seal-sdk-core-reservation	95cc931b7536b7e3159f8047310d833cb80683f9	false	933:MERGED:95cc931b7536b7e3159f8047310d833cb80683f9
mergedPrExactHead	origin/agent-root-seal-service-context-lanes	837aafd05af89abed09e6c4731a0ca38df744676	false	952:MERGED:837aafd05af89abed09e6c4731a0ca38df744676
mergedPrExactHead	origin/agent-root-seal-service-use	ec644f88c445eb5994f3523b5f938dd010d638cc	false	948:MERGED:ec644f88c445eb5994f3523b5f938dd010d638cc
mergedPrExactHead	origin/agent-root-seal-web-projection	b1b6239ddeba2d51a4e94d5dac4e58361f4f37d5	false	954:MERGED:b1b6239ddeba2d51a4e94d5dac4e58361f4f37d5
mergedPrExactHead	origin/agent-root-select-semantic-ledger-runtime-redesign	5de8ae6d9e545a942f50329642ed68da666aa774	false	1005:MERGED:5de8ae6d9e545a942f50329642ed68da666aa774
mergedPrExactHead	origin/align-arch-spec-with-runtime-realization	7f9630262ad16c4e1d32ab661ed04d3b67c40143	false	308:MERGED:7f9630262ad16c4e1d32ab661ed04d3b67c40143
mergedPrExactHead	origin/codex/accept-landed-inngest-content	2e4a1e8a416ee272ab779ad490919f0de2a4be44	false	655:MERGED:2e4a1e8a416ee272ab779ad490919f0de2a4be44
mergedPrExactHead	origin/codex/accept-ordinary-oclif-package	ce9d484acc149ca26cd7a35c0e8d5a5acdd114e8	false	652:MERGED:ce9d484acc149ca26cd7a35c0e8d5a5acdd114e8
mergedPrExactHead	origin/codex/activate-service-construction-laws	1ca4dc1d3da3aee69fb13e525464050a84f7ce65	false	792:MERGED:1ca4dc1d3da3aee69fb13e525464050a84f7ce65,691:MERGED:a9e3b6468ca22adf9d2c27cf9111b8cfd49e3cbf
mergedPrExactHead	origin/codex/add-habitat-agent-stop-command	12f6def5a23c22aa9286d19d8d200d4f54127103	false	736:MERGED:12f6def5a23c22aa9286d19d8d200d4f54127103
mergedPrExactHead	origin/codex/add-habitat-blueprint-pack	e9e77176cf1e543419dd0285aa375ec2c04e53c8	false	739:MERGED:e9e77176cf1e543419dd0285aa375ec2c04e53c8
mergedPrExactHead	origin/codex/add-habitat-consumer-generator	c7f370c12b951b81bc3aa60c51b0fad29d7f6826	false	737:MERGED:c7f370c12b951b81bc3aa60c51b0fad29d7f6826
mergedPrExactHead	origin/codex/admit-embedded-api-context-middleware	395968463af7e262ba3fa8b2bde5645579a82bee	false	617:MERGED:395968463af7e262ba3fa8b2bde5645579a82bee
mergedPrExactHead	origin/codex/admit-habitat-blueprint-pack	ec7467fee60c7241628d05027729f5812666c1c5	false	740:MERGED:ec7467fee60c7241628d05027729f5812666c1c5
mergedPrExactHead	origin/codex/admit-service-boundary-platform-independence	1e1ff0c3d935614890ecf98f23cef3d7a0055165	true	519:MERGED:1e1ff0c3d935614890ecf98f23cef3d7a0055165
mergedPrExactHead	origin/codex/admit-service-private-aliases	1cbf40601b7ba2c752a189e6b81f31f2a5a29e6c	true	518:MERGED:1cbf40601b7ba2c752a189e6b81f31f2a5a29e6c
mergedPrExactHead	origin/codex/admit-service-root-proofs	09123e537d2edfe76fde8d1006161be491fa47e0	false	642:MERGED:09123e537d2edfe76fde8d1006161be491fa47e0
mergedPrExactHead	origin/codex/adopt-contract-description-law	f29926a79ffbade81c3ff1bb1ff35a57e09f6bef	false	598:MERGED:f29926a79ffbade81c3ff1bb1ff35a57e09f6bef
mergedPrExactHead	origin/codex/adopt-habitat-ai-package-scope	cd7c6450ac5d5e42541e2970782506ebb0f7ecc7	false	744:MERGED:cd7c6450ac5d5e42541e2970782506ebb0f7ecc7
mergedPrExactHead	origin/codex/adopt-habitat-ai-typebox-adapter	c722a256e158816214ed883519abc854d8243d05	false	745:MERGED:c722a256e158816214ed883519abc854d8243d05
mergedPrExactHead	origin/codex/adopt-orpc2-effect4	fa2985923ec489e4e3125ba2bbee7bb1195922d6	false	628:MERGED:fa2985923ec489e4e3125ba2bbee7bb1195922d6
mergedPrExactHead	origin/codex/adopt-service-capability-funnel	58713003c46c00ac8b0cd4a2ce5b0e2dd8cf37b3	false	629:MERGED:58713003c46c00ac8b0cd4a2ce5b0e2dd8cf37b3
mergedPrExactHead	origin/codex/agent-C-agent-config-sync-managed-provider-plugin-parity	7559c4923ead2d1c9b2f189949020b61598c8304	true	311:MERGED:7559c4923ead2d1c9b2f189949020b61598c8304
mergedPrExactHead	origin/codex/agent-config-sync-derive-hook-material	8ae67bf3d8f4756fd45422f46d880b156f40aa7e	true	313:MERGED:8ae67bf3d8f4756fd45422f46d880b156f40aa7e
mergedPrExactHead	origin/codex/agent-config-sync-filter-hook-support-docs	734de1d2b75e93ce8e544b4b80371ece855e9364	true	312:MERGED:734de1d2b75e93ce8e544b4b80371ece855e9364
mergedPrExactHead	origin/codex/agent-config-sync-provider-install-polish	cc7f06932b42abfdebf9b7746fdf33a6a2d60a48	true	314:MERGED:cc7f06932b42abfdebf9b7746fdf33a6a2d60a48
mergedPrExactHead	origin/codex/agent-root-add-biome-tooling	881e653689ca68f4a21c9c8131920e7972dc451c	true	449:MERGED:881e653689ca68f4a21c9c8131920e7972dc451c
mergedPrExactHead	origin/codex/agent-root-add-nx-quality-targets	5b215515bb5d3b755e8c409c1808102dd93d660f	true	446:MERGED:5b215515bb5d3b755e8c409c1808102dd93d660f
mergedPrExactHead	origin/codex/agent-root-add-oclif-blueprints	51e298b6201a36c2eae82936bb0ce67e6920a475	true	442:MERGED:51e298b6201a36c2eae82936bb0ce67e6920a475
mergedPrExactHead	origin/codex/agent-root-adopt-current-service-source-law	ce6a5e9a82d010e44e7adb43fa4e729c41e65b0f	true	491:MERGED:ce6a5e9a82d010e44e7adb43fa4e729c41e65b0f
mergedPrExactHead	origin/codex/agent-root-adopt-full-service-blueprints	534f09f0e179f694a0e55a02671f51d957748361	true	504:MERGED:534f09f0e179f694a0e55a02671f51d957748361
mergedPrExactHead	origin/codex/agent-root-adopt-habitat-v016	113d60089db657879f6b737e4af429b1100c865c	true	487:MERGED:113d60089db657879f6b737e4af429b1100c865c
mergedPrExactHead	origin/codex/agent-root-adopt-package-less-api-plugin	0d68bd745caf48473123805e3a5c04b1028bacbc	true	495:MERGED:0d68bd745caf48473123805e3a5c04b1028bacbc
mergedPrExactHead	origin/codex/agent-root-align-effect-oracle	a6bced6bfceb57669be1f0297841440f04a9f065	true	452:MERGED:a6bced6bfceb57669be1f0297841440f04a9f065
mergedPrExactHead	origin/codex/agent-root-align-lifecycle-closure-gates	b1ffadae0e1bec4b9c56b5e47457024cc0097c04	true	503:MERGED:b1ffadae0e1bec4b9c56b5e47457024cc0097c04
mergedPrExactHead	origin/codex/agent-root-close-habitat-packets	d9620fce7532eca3f65c4f2d77b6327a976881c6	true	444:MERGED:d9620fce7532eca3f65c4f2d77b6327a976881c6
mergedPrExactHead	origin/codex/agent-root-compose-native-oclif-plugins	6849fefade93c70cffa25aec6bda3e80f256b5df	true	462:MERGED:6849fefade93c70cffa25aec6bda3e80f256b5df
mergedPrExactHead	origin/codex/agent-root-compose-repository-checks	2f6103a1f1f93700efbe09b9d9444ffd603d659f	true	496:MERGED:2f6103a1f1f93700efbe09b9d9444ffd603d659f
mergedPrExactHead	origin/codex/agent-root-correct-oclif-blueprints	eb302c7c4cc76b40baa7a50f9a2969fcdd83a35f	true	456:MERGED:eb302c7c4cc76b40baa7a50f9a2969fcdd83a35f
mergedPrExactHead	origin/codex/agent-root-correct-orpc-handler-topology	5373f952ef684307822ddb21361a8bfcf0e45cc6	true	445:MERGED:5373f952ef684307822ddb21361a8bfcf0e45cc6
mergedPrExactHead	origin/codex/agent-root-correct-service-laws	6f26112177d8847fdc87f9d1013257b853fd6e58	true	497:MERGED:6f26112177d8847fdc87f9d1013257b853fd6e58
mergedPrExactHead	origin/codex/agent-root-correct-typebox-standard-schema	439f53170041a543e59f3ddc2a1ad599cab7ca71	true	492:MERGED:439f53170041a543e59f3ddc2a1ad599cab7ca71
mergedPrExactHead	origin/codex/agent-root-cut-over-nx-check-graph	93b656628ce332f2a0bea67909d1e3f0fb387b14	true	506:MERGED:93b656628ce332f2a0bea67909d1e3f0fb387b14
mergedPrExactHead	origin/codex/agent-root-delete-controller-distribution	2d7f1b29e57301e12f6ee31a06bebd3092781e39	true	466:MERGED:2d7f1b29e57301e12f6ee31a06bebd3092781e39
mergedPrExactHead	origin/codex/agent-root-delete-controller-lifecycle-state	755a9d5648ba9ce4c8075252d032f6f2ae5078bd	true	474:MERGED:755a9d5648ba9ce4c8075252d032f6f2ae5078bd
mergedPrExactHead	origin/codex/agent-root-delete-unused-orpc-client	75ce9dc0fd3c91c6c282cf280049585f44d5e8a9	true	501:MERGED:75ce9dc0fd3c91c6c282cf280049585f44d5e8a9
mergedPrExactHead	origin/codex/agent-root-document-grit-helpers	9d90fed9bbb0572d6d019ae613a5430e19692880	true	494:MERGED:9d90fed9bbb0572d6d019ae613a5430e19692880
mergedPrExactHead	origin/codex/agent-root-fix-native-source-schema	737cf6e2e57aff583f3a5451a5c18052d8738174	true	510:MERGED:737cf6e2e57aff583f3a5451a5c18052d8738174
mergedPrExactHead	origin/codex/agent-root-fix-nx-task-topology	4f479ebcea63529961c41ba2eab033ca576627a7	true	454:MERGED:4f479ebcea63529961c41ba2eab033ca576627a7
mergedPrExactHead	origin/codex/agent-root-format-workspace	a0020f1abf5ad2e4b8de0fe9bb9e0c0b6e06489a	true	450:MERGED:a0020f1abf5ad2e4b8de0fe9bb9e0c0b6e06489a
mergedPrExactHead	origin/codex/agent-root-import-current-magic-blueprints	5566b2979ce4d1058bf7b53f41f7ed45a610529f	true	472:MERGED:5566b2979ce4d1058bf7b53f41f7ed45a610529f
mergedPrExactHead	origin/codex/agent-root-migrate-effect4-vendor-realm	a94a863c82fefaf73aaf3bc0dec36bb68d20fdbd	true	475:MERGED:a94a863c82fefaf73aaf3bc0dec36bb68d20fdbd
mergedPrExactHead	origin/codex/agent-root-native-grit-helper-law	b19d1d44e1f72c0fabaf60691ee13a056a708d21	true	499:MERGED:b19d1d44e1f72c0fabaf60691ee13a056a708d21
mergedPrExactHead	origin/codex/agent-root-normalize-ci-targets	a31e603b81ea1c364dfca7a632d2817ec34e5c91	true	507:MERGED:a31e603b81ea1c364dfca7a632d2817ec34e5c91
mergedPrExactHead	origin/codex/agent-root-normalize-command-packages	2f12e4c29c8e802d2ce7c6989bd98a7d3bdea0b4	true	459:MERGED:2f12e4c29c8e802d2ce7c6989bd98a7d3bdea0b4
mergedPrExactHead	origin/codex/agent-root-normalize-lifecycle-effect-impl	1c832b445908095a92a6b5586a26b8f98850e690	true	500:MERGED:1c832b445908095a92a6b5586a26b8f98850e690
mergedPrExactHead	origin/codex/agent-root-normalize-lifecycle-service-implementer	0411f6d252afde3b4ee98c7296024ce59ea0e2a0	true	477:MERGED:0411f6d252afde3b4ee98c7296024ce59ea0e2a0
mergedPrExactHead	origin/codex/agent-root-normalize-nx-check-graph	46ecfe70be74a99afd077a7c3c4e34b79c383453	true	505:MERGED:46ecfe70be74a99afd077a7c3c4e34b79c383453
mergedPrExactHead	origin/codex/agent-root-normalize-provider-build-ownership	f08d0b2221d8a113fee6d8a8473036e1b596b35e	true	508:MERGED:f08d0b2221d8a113fee6d8a8473036e1b596b35e
mergedPrExactHead	origin/codex/agent-root-normalize-quarantine-routers	892f0cf0f64f29cff1983b3193ccc983554778c1	true	483:MERGED:892f0cf0f64f29cff1983b3193ccc983554778c1
mergedPrExactHead	origin/codex/agent-root-normalize-root-ci-scripts	1700132633a7c0322db8bbcf4bdecc6a5ddc6298	true	511:MERGED:1700132633a7c0322db8bbcf4bdecc6a5ddc6298
mergedPrExactHead	origin/codex/agent-root-normalize-router-graph	4dc824919c548902d67b2d1ce12b924a70c2d11e	true	484:MERGED:4dc824919c548902d67b2d1ce12b924a70c2d11e
mergedPrExactHead	origin/codex/agent-root-organize-imports	810624fdae19d37833a866b3fd6fa075324590bf	true	451:MERGED:810624fdae19d37833a866b3fd6fa075324590bf
mergedPrExactHead	origin/codex/agent-root-package-exact-git-content	79cdcc466dcaeac45065582374fc1d35e5d38895	true	468:MERGED:79cdcc466dcaeac45065582374fc1d35e5d38895
mergedPrExactHead	origin/codex/agent-root-plan-effect4-family	4e1d2dd6262faa8adc7fa107df007d88a37b2b0e	true	464:MERGED:4e1d2dd6262faa8adc7fa107df007d88a37b2b0e
mergedPrExactHead	origin/codex/agent-root-port-habitat-blueprints	910e1ad728f2d77d772d4fa348999011c9f9eea0	true	441:MERGED:910e1ad728f2d77d772d4fa348999011c9f9eea0
mergedPrExactHead	origin/codex/agent-root-prove-native-oclif-roundtrip	9725fe85c8f59201c5c2adf3455bef16ffb0b4b4	true	463:MERGED:9725fe85c8f59201c5c2adf3455bef16ffb0b4b4
mergedPrExactHead	origin/codex/agent-root-reconcile-native-providers-directly	da4857f2fbdc05a6f876a548768b9d608805e224	true	470:MERGED:da4857f2fbdc05a6f876a548768b9d608805e224
mergedPrExactHead	origin/codex/agent-root-record-core-toolchain-baseline	0bf9d2361b6ae4f2e2303715c7d7700cbe431dc0	true	448:MERGED:0bf9d2361b6ae4f2e2303715c7d7700cbe431dc0
mergedPrExactHead	origin/codex/agent-root-record-exact-git-packaging	2b4b86b9a8a47844ed0ba00d47a0c7cd749dc1e9	true	469:MERGED:2b4b86b9a8a47844ed0ba00d47a0c7cd749dc1e9
mergedPrExactHead	origin/codex/agent-root-record-native-provider-reconciliation	35193ecd284c33f5eb26c396cd77f9a73d1d34c7	true	471:MERGED:35193ecd284c33f5eb26c396cd77f9a73d1d34c7
mergedPrExactHead	origin/codex/agent-root-refactor-governance-contract	5021c65cf46ab01a0f6e8ad85d98407070c3783f	true	513:MERGED:5021c65cf46ab01a0f6e8ad85d98407070c3783f
mergedPrExactHead	origin/codex/agent-root-refactor-lifecycle-service-law	1a09af8d7aadcedc48fe7f6494c49a395278a363	true	512:MERGED:1a09af8d7aadcedc48fe7f6494c49a395278a363
mergedPrExactHead	origin/codex/agent-root-refactor-packaging-contract	4ebe8fd0d48514384ca32607f84c515dfe01bf91	true	514:MERGED:4ebe8fd0d48514384ca32607f84c515dfe01bf91
mergedPrExactHead	origin/codex/agent-root-refactor-providers-contract	505c284fe4d8105ebbc49889f7c4a3609802a727	true	516:MERGED:505c284fe4d8105ebbc49889f7c4a3609802a727
mergedPrExactHead	origin/codex/agent-root-refactor-vendors-contract	a95e3b896cb0845bcb3db4e62289445fca9903dc	true	515:MERGED:a95e3b896cb0845bcb3db4e62289445fca9903dc
mergedPrExactHead	origin/codex/agent-root-repair-eslint-fixture-admission	252f2c0d1e05381c197243e76b3977e0ae059ff3	true	481:MERGED:252f2c0d1e05381c197243e76b3977e0ae059ff3
mergedPrExactHead	origin/codex/agent-root-repair-slice0-generator	4f7176a3a9a6e51c0bfedcad84ee647b927ed942	true	485:MERGED:4f7176a3a9a6e51c0bfedcad84ee647b927ed942
mergedPrExactHead	origin/codex/agent-root-restore-oclif-release	468ea411187f8ee0227b902efa5bf0039e29cd68	true	457:MERGED:468ea411187f8ee0227b902efa5bf0039e29cd68
mergedPrExactHead	origin/codex/agent-root-retire-export-race	93419a83110a84952be9111078d107fa3741a320	true	509:MERGED:93419a83110a84952be9111078d107fa3741a320
mergedPrExactHead	origin/codex/agent-root-retire-inspect-after	8e7b3a1d025cf1ffd0a7b63ce43f6e52a3dcc030	true	502:MERGED:8e7b3a1d025cf1ffd0a7b63ce43f6e52a3dcc030
mergedPrExactHead	origin/codex/agent-root-retire-lifecycle-dependency-blacklist	8f4072311a60741cdc4d04d2d53e72996bf1e4fe	true	443:MERGED:8f4072311a60741cdc4d04d2d53e72996bf1e4fe
mergedPrExactHead	origin/codex/agent-root-route-app-package-boundaries	1b2b74d570455c54d947674d76335283006c5a60	true	479:MERGED:1b2b74d570455c54d947674d76335283006c5a60
mergedPrExactHead	origin/codex/agent-root-route-plugin-boundaries	5f78eb8ecd9a2189dbc02f71ff267b482d381048	true	480:MERGED:5f78eb8ecd9a2189dbc02f71ff267b482d381048
mergedPrExactHead	origin/codex/agent-root-route-remaining-tools	98e7e32acc7419090e77b9527be42b8b497a3f1f	true	486:MERGED:98e7e32acc7419090e77b9527be42b8b497a3f1f
mergedPrExactHead	origin/codex/agent-root-route-repository-tools	85a37e101074372b4623446ba5648f6fcfdc378f	true	482:MERGED:85a37e101074372b4623446ba5648f6fcfdc378f
mergedPrExactHead	origin/codex/agent-root-route-service-resource-packages	ffe2f8c50d45ed82963497118528b2b24c4270cd	true	478:MERGED:ffe2f8c50d45ed82963497118528b2b24c4270cd
mergedPrExactHead	origin/codex/agent-root-run-native-habitat-in-ci	24ee53daba2b22036fd1af44c813d72243261dfe	true	490:MERGED:24ee53daba2b22036fd1af44c813d72243261dfe
mergedPrExactHead	origin/codex/agent-root-scope-oclif-config	006df2377882c67c6ff9d6c83bf0cc9d1fa075e1	true	458:MERGED:006df2377882c67c6ff9d6c83bf0cc9d1fa075e1
mergedPrExactHead	origin/codex/agent-root-separate-repo-authority	14eef03fb4e921f7e1fb9c428842bd1b32f1c723	true	440:MERGED:14eef03fb4e921f7e1fb9c428842bd1b32f1c723
mergedPrExactHead	origin/codex/agent-root-sequence-release-after-deletion	3819a0b339d74d119cbb1a79663eb099856d7016	true	465:MERGED:3819a0b339d74d119cbb1a79663eb099856d7016
mergedPrExactHead	origin/codex/agent-root-serialize-habitat-policy	40101fb0790a35104bbc0085bbd76eefa70326c5	true	498:MERGED:40101fb0790a35104bbc0085bbd76eefa70326c5
mergedPrExactHead	origin/codex/agent-root-simplify-cli-lifecycle	876ee45c4fe60edaab252ae2abfd5024e46443b2	true	439:MERGED:876ee45c4fe60edaab252ae2abfd5024e46443b2
mergedPrExactHead	origin/codex/agent-root-split-habitat-router-checks	be62408bb1cbe6452b268ea1d3c5a505dbb67097	true	489:MERGED:be62408bb1cbe6452b268ea1d3c5a505dbb67097
mergedPrExactHead	origin/codex/agent-root-split-plugin-typecheck	b5c3bc7ee4b9ff302f6fdae170b64d7521f008e2	true	460:MERGED:b5c3bc7ee4b9ff302f6fdae170b64d7521f008e2
mergedPrExactHead	origin/codex/agent-root-trust-operator-git	35fca7a63c4bffd2f2018e9a994aa4b9d1315215	true	493:MERGED:35fca7a63c4bffd2f2018e9a994aa4b9d1315215
mergedPrExactHead	origin/codex/agent-root-typecheck-habitat-consumer	7a38512a3903bfe28b3af87059737a4029f79148	true	447:MERGED:7a38512a3903bfe28b3af87059737a4029f79148
mergedPrExactHead	origin/codex/agent-root-upgrade-nx-23	d567690ebc366985561d965c07f7b5d1c36f5f45	true	453:MERGED:d567690ebc366985561d965c07f7b5d1c36f5f45
mergedPrExactHead	origin/codex/agent-root-use-current-oclif-invocation	0e7be01a46e2d7afa32bd2e49dc1dc5d2c4ffc5d	true	467:MERGED:0e7be01a46e2d7afa32bd2e49dc1dc5d2c4ffc5d
mergedPrExactHead	origin/codex/agent-root-verb-first-vendor-commands	1bb59b6bc9cd410e3c913b44a15af55c8b327f8c	true	461:MERGED:1bb59b6bc9cd410e3c913b44a15af55c8b327f8c
mergedPrExactHead	origin/codex/agent-root-wire-nx-admission	8b27d0ee4c73a6fd4380240bb048792fcb930e0f	true	455:MERGED:8b27d0ee4c73a6fd4380240bb048792fcb930e0f
mergedPrExactHead	origin/codex/align-effect-runtime-identity	e10d39d3045017d58d18b345515ef35e9c1f8cbc	false	807:MERGED:e10d39d3045017d58d18b345515ef35e9c1f8cbc
mergedPrExactHead	origin/codex/align-native-provider-processes	c4e6f35d268820095fa6199155b60082f39f6f66	false	818:MERGED:c4e6f35d268820095fa6199155b60082f39f6f66
mergedPrExactHead	origin/codex/align-service-blueprint-authority	a0068892b67dc1b06006edd59282bd04e3bfd6a1	true	539:MERGED:a0068892b67dc1b06006edd59282bd04e3bfd6a1
mergedPrExactHead	origin/codex/allow-module-context-curation	70cab16b29d30f58466994e7e4a3d66faa97b687	false	610:MERGED:70cab16b29d30f58466994e7e4a3d66faa97b687
mergedPrExactHead	origin/codex/allow-schema-free-service-databases	80b2dc94848429a6a71bca852789bd810a5ce24c	false	609:MERGED:80b2dc94848429a6a71bca852789bd810a5ce24c
mergedPrExactHead	origin/codex/archive-habitat-check-performance	a4a54e3d1a60cb0d12b47b1119741874e6c671b5	false	839:MERGED:a4a54e3d1a60cb0d12b47b1119741874e6c671b5
mergedPrExactHead	origin/codex/assemble-habitat-cli-app	63dd7811b34a25babe792d9abd80e5d5763b9132	false	726:MERGED:63dd7811b34a25babe792d9abd80e5d5763b9132
mergedPrExactHead	origin/codex/atomize-rawr-controller-authority	76d15a0e4b907de5aea2e394854517d6e4e5d493	true	332:MERGED:76d15a0e4b907de5aea2e394854517d6e4e5d493
mergedPrExactHead	origin/codex/author-provider-test-source-selection	6a8d93acea5fae4e7f028132f81586dc027a5fc7	false	571:MERGED:6a8d93acea5fae4e7f028132f81586dc027a5fc7
mergedPrExactHead	origin/codex/automate-habitat-publishing	018e29e02d05e73a9b4b824a43dbad529e2bf3cd	false	751:MERGED:018e29e02d05e73a9b4b824a43dbad529e2bf3cd
mergedPrExactHead	origin/codex/bind-cli-production-lifecycle-profile	60dd2f7dd97e5c5b30c3aba4310ab99aa38414b3	false	678:MERGED:60dd2f7dd97e5c5b30c3aba4310ab99aa38414b3
mergedPrExactHead	origin/codex/bind-native-provider-release-tag	ec3ceb482f042dfaa12ea2ff0c0a61bc89ecbfda	false	819:MERGED:ec3ceb482f042dfaa12ea2ff0c0a61bc89ecbfda
mergedPrExactHead	origin/codex/bootstrap-rawr-npm	bb535e50b4254ec4daaa8eead6faf30f03a900de	false	776:MERGED:bb535e50b4254ec4daaa8eead6faf30f03a900de
mergedPrExactHead	origin/codex/bound-native-nx-cache-acceptance	d07cdd9149155fba25f04ee40c997daca0a0cb78	false	842:MERGED:d07cdd9149155fba25f04ee40c997daca0a0cb78
mergedPrExactHead	origin/codex/c1-atomic-controller	6e6f7aadc46e9ce87beb97dc3ea1ab7475bd4d28	true	333:MERGED:6e6f7aadc46e9ce87beb97dc3ea1ab7475bd4d28
mergedPrExactHead	origin/codex/c1-controller-authority-archive	0fbfadbdd300ff0e8d3d0a3e3f2690b1544839e5	true	334:MERGED:0fbfadbdd300ff0e8d3d0a3e3f2690b1544839e5
mergedPrExactHead	origin/codex/c2-agent-release-product	e8bf7b31a673def65c04f1246cdc8a08a04482e3	true	336:MERGED:e8bf7b31a673def65c04f1246cdc8a08a04482e3
mergedPrExactHead	origin/codex/c2-agent-release-product-archive	bba27c52941ef8cb5f66e1b801c446eb7378349e	true	337:MERGED:bba27c52941ef8cb5f66e1b801c446eb7378349e
mergedPrExactHead	origin/codex/c2-agent-release-product-bootstrap	8638870ff396ed431f8d49788c0811df45ee8204	true	335:MERGED:8638870ff396ed431f8d49788c0811df45ee8204
mergedPrExactHead	origin/codex/c3-agent-native-convergence	4d435e83ff78677200d211a2c6ffdd62af48493d	true	338:MERGED:4d435e83ff78677200d211a2c6ffdd62af48493d
mergedPrExactHead	origin/codex/c3-agent-native-convergence-archive	1b989493eba43595189c84b7c0a31e9a1f5658f3	true	339:MERGED:1b989493eba43595189c84b7c0a31e9a1f5658f3
mergedPrExactHead	origin/codex/c3-agent-native-convergence-closeout	4de5a89a2f06929c7225c92e38cf1083d8188f4b	true	340:MERGED:4de5a89a2f06929c7225c92e38cf1083d8188f4b
mergedPrExactHead	origin/codex/c4-app-composition-authoring	42d52acb4afb76872b287da335804c4038428011	true	341:MERGED:42d52acb4afb76872b287da335804c4038428011
mergedPrExactHead	origin/codex/c4-app-composition-authoring-archive	cb4d01c52039af11eee13dcdfc45fb5909f0dce5	true	342:MERGED:cb4d01c52039af11eee13dcdfc45fb5909f0dce5
mergedPrExactHead	origin/codex/c4-app-composition-authoring-closeout	2a02a54636a2a6aaeb8530344529e3dc18c77720	true	343:MERGED:2a02a54636a2a6aaeb8530344529e3dc18c77720
mergedPrExactHead	origin/codex/c6-agent-lifecycle-public-interface	3f3a3be2dda70dae2682f88feeb23e5e9d349575	true	347:MERGED:3f3a3be2dda70dae2682f88feeb23e5e9d349575
mergedPrExactHead	origin/codex/c6-artifact-context-proof	afe3b6241fee47605a26ec506cfa42b3ee228acb	true	385:MERGED:afe3b6241fee47605a26ec506cfa42b3ee228acb
mergedPrExactHead	origin/codex/c6-atomic-canonical-cutover	80035f93f93bbcf63e2bf791d9b43968dd0ddee2	true	360:MERGED:80035f93f93bbcf63e2bf791d9b43968dd0ddee2
mergedPrExactHead	origin/codex/c6-authoritative-current-main-schemas	72d34d85a432bf60dd76dcfcce8ce459d220c948	true	422:MERGED:72d34d85a432bf60dd76dcfcce8ce459d220c948
mergedPrExactHead	origin/codex/c6-batch-content-blob-evidence	5b5293c1e934a87baa5d754e81eddbfe9227878a	true	410:MERGED:5b5293c1e934a87baa5d754e81eddbfe9227878a
mergedPrExactHead	origin/codex/c6-bind-native-provider-resource-location	c6ffabf18134dc0e55ce9b3c9dfa2336825cfa29	true	374:MERGED:c6ffabf18134dc0e55ce9b3c9dfa2336825cfa29
mergedPrExactHead	origin/codex/c6-bound-export-root-claim	12c570badb1bac9c89fb03eb0a647b3d08584d14	true	365:MERGED:12c570badb1bac9c89fb03eb0a647b3d08584d14
mergedPrExactHead	origin/codex/c6-bound-governance-contracts	0afe7f4ee2a1ef093949b7fe9966f66061c55ae0	true	435:MERGED:0afe7f4ee2a1ef093949b7fe9966f66061c55ae0
mergedPrExactHead	origin/codex/c6-bound-packaging-contracts	e393e8932f1df0355744ef50f8034a29267c0583	true	434:MERGED:e393e8932f1df0355744ef50f8034a29267c0583
mergedPrExactHead	origin/codex/c6-bound-provider-diagnostics	f362858bed77cb22b3b8ff3f01b516840a05fcc5	true	431:MERGED:f362858bed77cb22b3b8ff3f01b516840a05fcc5
mergedPrExactHead	origin/codex/c6-bound-provider-test-output	877659d63fe4fce29729bf5a3dcf7b497ef1ff0a	true	406:MERGED:877659d63fe4fce29729bf5a3dcf7b497ef1ff0a
mergedPrExactHead	origin/codex/c6-bound-release-contracts	ff1d0c7e2d61f97983959951fb9255b987922c58	true	436:MERGED:ff1d0c7e2d61f97983959951fb9255b987922c58
mergedPrExactHead	origin/codex/c6-canonical-convergence-executor	70a97fa901e951ad13b07809ffaf775d70eaea82	true	358:MERGED:70a97fa901e951ad13b07809ffaf775d70eaea82
mergedPrExactHead	origin/codex/c6-canonical-convergence-policy	3f46baabd127451a42522cad7fa505afddb0300f	true	355:MERGED:3f46baabd127451a42522cad7fa505afddb0300f
mergedPrExactHead	origin/codex/c6-canonical-desired-state	ae9572d76de9cf80e3e5f1bdb32efd766cd3913e	true	356:MERGED:ae9572d76de9cf80e3e5f1bdb32efd766cd3913e
mergedPrExactHead	origin/codex/c6-canonical-service-boundary	3fabbe322d335b65f0ba254c0c2ea0ef09e79cdf	true	395:MERGED:3fabbe322d335b65f0ba254c0c2ea0ef09e79cdf
mergedPrExactHead	origin/codex/c6-continuation-readiness-record	7d0debf0c9c2dba8a377fb6a570b7ffa0d47f778	true	396:MERGED:7d0debf0c9c2dba8a377fb6a570b7ffa0d47f778
mergedPrExactHead	origin/codex/c6-correct-habitat-authority	0feacdef043f51bead4e8252a41b99378f020640	true	433:MERGED:0feacdef043f51bead4e8252a41b99378f020640
mergedPrExactHead	origin/codex/c6-correct-service-context-direction	3ae2437b34c2393d1e1b35fdaf7b2e7ea4b41fee	true	363:MERGED:3ae2437b34c2393d1e1b35fdaf7b2e7ea4b41fee
mergedPrExactHead	origin/codex/c6-current-main-context-proof	089f9060730bacf7121688001e7f0a91237b4f63	true	381:MERGED:089f9060730bacf7121688001e7f0a91237b4f63
mergedPrExactHead	origin/codex/c6-current-main-record-path	8b4c8c4fcb93e3f0da2f50f3d35c9cc5db2175c8	true	401:MERGED:8b4c8c4fcb93e3f0da2f50f3d35c9cc5db2175c8
mergedPrExactHead	origin/codex/c6-current-main-v2-codec	f5369e649b1850249f36881fa83eb0be22e81386	true	351:MERGED:f5369e649b1850249f36881fa83eb0be22e81386
mergedPrExactHead	origin/codex/c6-current-main-v2-selection	1bf792c60e4d892d4aa27950b1fbd67267d9d2bc	true	354:MERGED:1bf792c60e4d892d4aa27950b1fbd67267d9d2bc
mergedPrExactHead	origin/codex/c6-declared-plugin-tree	7bf752d06f561065d5558eb88dc14c860c8126f7	true	391:MERGED:7bf752d06f561065d5558eb88dc14c860c8126f7
mergedPrExactHead	origin/codex/c6-deterministic-manifest-proof	b5dcd336232628d911d1fbe292ca31857f5e68e1	true	379:MERGED:b5dcd336232628d911d1fbe292ca31857f5e68e1
mergedPrExactHead	origin/codex/c6-deterministic-oclif-manifest	a710544610ce66f6c05730b714635760a42e3aaf	true	378:MERGED:a710544610ce66f6c05730b714635760a42e3aaf
mergedPrExactHead	origin/codex/c6-export-artifact-context-proof	3390f90401ee8bb0de4dc34f4fc720471332d885	true	387:MERGED:3390f90401ee8bb0de4dc34f4fc720471332d885
mergedPrExactHead	origin/codex/c6-expose-artifact-tree-location	70c766c5d00ac03af458f2faaff3f56317ef2eef	true	372:MERGED:70c766c5d00ac03af458f2faaff3f56317ef2eef
mergedPrExactHead	origin/codex/c6-fix-empty-artifact-publication	941da537db057523c65f54785a598fbf463cd473	true	402:MERGED:941da537db057523c65f54785a598fbf463cd473
mergedPrExactHead	origin/codex/c6-fix-empty-export-files	4df796eb1087934f516af4ea463778aca7558f02	true	403:MERGED:4df796eb1087934f516af4ea463778aca7558f02
mergedPrExactHead	origin/codex/c6-hash-lifecycle-policy-roots	3a32e3e2e555bc60f3fa204141c1279abbad5eab	true	432:MERGED:3a32e3e2e555bc60f3fa204141c1279abbad5eab
mergedPrExactHead	origin/codex/c6-installed-controller-distribution	da0f22a0ed2990d3c73e4b0a8cd720825f1a81c8	true	393:MERGED:da0f22a0ed2990d3c73e4b0a8cd720825f1a81c8
mergedPrExactHead	origin/codex/c6-make-export-root-authority-monotonic	31c2df97ac705c458b295183a2607137a0e8c34c	true	364:MERGED:31c2df97ac705c458b295183a2607137a0e8c34c
mergedPrExactHead	origin/codex/c6-managed-retire-deletion	ee34e1d53af5ed0b2034e53006fd7533e3f72a08	true	353:MERGED:ee34e1d53af5ed0b2034e53006fd7533e3f72a08
mergedPrExactHead	origin/codex/c6-minimal-export-provider-boundary	c8cdbd4cd0a77d7bca8e6345b9ad6dc0aab302a4	true	361:MERGED:c8cdbd4cd0a77d7bca8e6345b9ad6dc0aab302a4
mergedPrExactHead	origin/codex/c6-narrow-release-binding	5be43b3cf7ce052532d90e1e44bba91e02ad6c2d	true	382:MERGED:5be43b3cf7ce052532d90e1e44bba91e02ad6c2d
mergedPrExactHead	origin/codex/c6-native-provenance-observation	6a5b66fff1570f8d4ec4e04a3b8f781c8c417531	true	357:MERGED:6a5b66fff1570f8d4ec4e04a3b8f781c8c417531
mergedPrExactHead	origin/codex/c6-native-provider-host-contract	caad883c72aba12d29b3516e66fd4e5ede738c3a	true	394:MERGED:caad883c72aba12d29b3516e66fd4e5ede738c3a
mergedPrExactHead	origin/codex/c6-neutral-current-main-boundary	bae7445e40da32d3d4b1ed3a54f5ec61672d72a6	true	373:MERGED:bae7445e40da32d3d4b1ed3a54f5ec61672d72a6
mergedPrExactHead	origin/codex/c6-nx-lifecycle-check-ratchet	f6ccbc91f14f159d1aa330447b1d5d4d8a075a79	true	419:MERGED:f6ccbc91f14f159d1aa330447b1d5d4d8a075a79
mergedPrExactHead	origin/codex/c6-own-artifact-resource-context	5d55c96aabcc72084e7d37513dd36eeef78bbe5b	true	384:MERGED:5d55c96aabcc72084e7d37513dd36eeef78bbe5b
mergedPrExactHead	origin/codex/c6-own-current-main-context	9cb266e0f9684ed24eb24dccecf9ac928e47f039	true	380:MERGED:9cb266e0f9684ed24eb24dccecf9ac928e47f039
mergedPrExactHead	origin/codex/c6-own-export-artifact-context	6e32d208eb05939f524772850f8bd9d887cabd61	true	386:MERGED:6e32d208eb05939f524772850f8bd9d887cabd61
mergedPrExactHead	origin/codex/c6-own-release-source-repositories	51c9b6452eed297d1a54b738bd4f6e6d67ec06c2	true	368:MERGED:51c9b6452eed297d1a54b738bd4f6e6d67ec06c2
mergedPrExactHead	origin/codex/c6-preserve-claude-marketplace-members	773707ba37669f9d4970bb3ee06e9ae85502478e	true	407:MERGED:773707ba37669f9d4970bb3ee06e9ae85502478e
mergedPrExactHead	origin/codex/c6-preserve-installed-asset-modes	7be2bfc4abfe97f3feb527e8a402a07ae1f039ab	true	397:MERGED:7be2bfc4abfe97f3feb527e8a402a07ae1f039ab
mergedPrExactHead	origin/codex/c6-provider-capsule-retirement	5d20d93099aa0676528a3bc523167fae56a34ff2	true	352:MERGED:5d20d93099aa0676528a3bc523167fae56a34ff2
mergedPrExactHead	origin/codex/c6-provider-root-slot-refusal	b14fc39ec30aaacb731e2238d48af960d818e911	true	362:MERGED:b14fc39ec30aaacb731e2238d48af960d818e911
mergedPrExactHead	origin/codex/c6-record-controller-publication	ed9f826a56bdf14d5f1c6f60131650d830b6a779	true	438:MERGED:ed9f826a56bdf14d5f1c6f60131650d830b6a779
mergedPrExactHead	origin/codex/c6-record-final-lifecycle-gates	3211ee4cbd5474a0cf719abf218d4f1a11f3702f	true	430:MERGED:3211ee4cbd5474a0cf719abf218d4f1a11f3702f
mergedPrExactHead	origin/codex/c6-record-final-review-gates	41e557b7381d52aca6802fd35343ea1629760cd7	true	437:MERGED:41e557b7381d52aca6802fd35343ea1629760cd7
mergedPrExactHead	origin/codex/c6-record-lifecycle-continuation	05b1aec2fd32371a150ab084fba70896e97427b1	true	428:MERGED:05b1aec2fd32371a150ab084fba70896e97427b1
mergedPrExactHead	origin/codex/c6-refresh-release-input	9ddf679635ec220b30adfebc100471fa1b050485	true	399:MERGED:9ddf679635ec220b30adfebc100471fa1b050485
mergedPrExactHead	origin/codex/c6-refresh-release-input-cli	ae7c05e21ef7b2c69aca4ec44cbf396e8a7690c7	true	400:MERGED:ae7c05e21ef7b2c69aca4ec44cbf396e8a7690c7
mergedPrExactHead	origin/codex/c6-release-binding-proof	251f20e560db11a8c828816988c501f03da50b1c	true	383:MERGED:251f20e560db11a8c828816988c501f03da50b1c
mergedPrExactHead	origin/codex/c6-release-input-record	dd6ad50f20ff9b218c645e85bfd5b98e95d0beb8	true	390:MERGED:dd6ad50f20ff9b218c645e85bfd5b98e95d0beb8
mergedPrExactHead	origin/codex/c6-remove-placeholder-common-layer	2f35cc202822e8e29254d5cb3ba2001b5783c70f	true	427:MERGED:2f35cc202822e8e29254d5cb3ba2001b5783c70f
mergedPrExactHead	origin/codex/c6-rename-controller-evidence-protocol	783b4e79befe03d80ec5a8a491a5d6b3a5a68855	true	423:MERGED:783b4e79befe03d80ec5a8a491a5d6b3a5a68855
mergedPrExactHead	origin/codex/c6-repository-check-cli	502374d8626a1a203419f3c186f8b3e0953b19dd	true	350:MERGED:502374d8626a1a203419f3c186f8b3e0953b19dd
mergedPrExactHead	origin/codex/c6-repository-check-service	6c42af4c3ec267707e383670fed08c513767be94	true	349:MERGED:6c42af4c3ec267707e383670fed08c513767be94
mergedPrExactHead	origin/codex/c6-restore-workspace-root-constraint	742a957ad109ce398f3acb5db1751181dfcecf3f	true	417:MERGED:742a957ad109ce398f3acb5db1751181dfcecf3f
mergedPrExactHead	origin/codex/c6-retire-controller-acceptance-harness	c32d3b0e9984de869856acef51136af2b74e11af	true	359:MERGED:c32d3b0e9984de869856acef51136af2b74e11af
mergedPrExactHead	origin/codex/c6-retire-legacy-lifecycle-export	70da6ac30b04f2aa29c5d7b780a63c7e19fe18d7	true	408:MERGED:70da6ac30b04f2aa29c5d7b780a63c7e19fe18d7
mergedPrExactHead	origin/codex/c6-retire-stale-devops-command-test	559a79d247f9a7dfb86c999bc6eb1a1874f4cd29	true	376:MERGED:559a79d247f9a7dfb86c999bc6eb1a1874f4cd29
mergedPrExactHead	origin/codex/c6-route-governance-service-context	f4afb68c8b095f019ec8584cfe8be45a222b6c89	true	370:MERGED:f4afb68c8b095f019ec8584cfe8be45a222b6c89
mergedPrExactHead	origin/codex/c6-route-packaging-service-context	61e2d70d1b6d4fd2289cea7e8182afd457eed44d	true	369:MERGED:61e2d70d1b6d4fd2289cea7e8182afd457eed44d
mergedPrExactHead	origin/codex/c6-route-provider-runtime-context	e999806edfc712dd728b2bc7b662e146b156b16f	true	375:MERGED:e999806edfc712dd728b2bc7b662e146b156b16f
mergedPrExactHead	origin/codex/c6-route-provider-service-context	e8366b51c961f1424478e64df3ebc78af7d2a3ae	true	371:MERGED:e8366b51c961f1424478e64df3ebc78af7d2a3ae
mergedPrExactHead	origin/codex/c6-route-release-service-context	4678cd614875945277d184732a5b243522386fc4	true	367:MERGED:4678cd614875945277d184732a5b243522386fc4
mergedPrExactHead	origin/codex/c6-route-vendor-service-context	252eec8f853e6aa0b07e88ff717ae314f2d640a1	true	366:MERGED:252eec8f853e6aa0b07e88ff717ae314f2d640a1
mergedPrExactHead	origin/codex/c6-scope-native-hook-claims	bd02926cc821354ee5afc986f0f3875bde4d33a1	true	405:MERGED:bd02926cc821354ee5afc986f0f3875bde4d33a1
mergedPrExactHead	origin/codex/c6-serialize-cli-test-target	54472c53173137f41b027ff06bfdd7075386ea15	true	377:MERGED:54472c53173137f41b027ff06bfdd7075386ea15
mergedPrExactHead	origin/codex/c6-serialize-lifecycle-test-target	03f7dc97a4662f9cf05e503bae1932f974f86817	true	388:MERGED:03f7dc97a4662f9cf05e503bae1932f974f86817
mergedPrExactHead	origin/codex/c6-stabilize-content-evidence	5e5f73f88456a3b37d039c44d2c3a3ec8ac16ee9	true	409:MERGED:5e5f73f88456a3b37d039c44d2c3a3ec8ac16ee9
mergedPrExactHead	origin/codex/c6-stabilize-session-index-manifest	6124ed5a9fd4c58b6a66d75d278199b416d052d0	true	404:MERGED:6124ed5a9fd4c58b6a66d75d278199b416d052d0
mergedPrExactHead	origin/codex/c6-stable-disposable-marketplace	8530c3f16011f6faf618affd3575ef63c1cdd514	false	817:MERGED:8530c3f16011f6faf618affd3575ef63c1cdd514
mergedPrExactHead	origin/codex/c6-staged-git-observation	cd977ca42ab34b569922f8cecded9fb9f9bbba90	true	348:MERGED:cd977ca42ab34b569922f8cecded9fb9f9bbba90
mergedPrExactHead	origin/codex/c6-standard-release-verification-terms	fd5ca14321bc4b9ce1cc2c077f595874482d3180	true	420:MERGED:fd5ca14321bc4b9ce1cc2c077f595874482d3180
mergedPrExactHead	origin/codex/c6-standard-retention-result	f5cf5c135c775cf2933be7f759b23a05032612a2	true	424:MERGED:f5cf5c135c775cf2933be7f759b23a05032612a2
mergedPrExactHead	origin/codex/c6-strengthen-lifecycle-ratchet	f41a921198b57b00dc77ac4f07f92a08fef5848f	true	421:MERGED:f41a921198b57b00dc77ac4f07f92a08fef5848f
mergedPrExactHead	origin/codex/c6-template-submission-readiness	a72977c52e0a23f5614813a561d80e2a3ec01726	true	389:MERGED:a72977c52e0a23f5614813a561d80e2a3ec01726
mergedPrExactHead	origin/codex/c6-typebox-canonical-status-input	f21c5d25f94a46b078e3a4d71212ba2cd6356df7	true	415:MERGED:f21c5d25f94a46b078e3a4d71212ba2cd6356df7
mergedPrExactHead	origin/codex/c6-typebox-canonical-sync-input	d2d9d83c13781ebef152bb7f0f382a2fe4b86713	true	416:MERGED:d2d9d83c13781ebef152bb7f0f382a2fe4b86713
mergedPrExactHead	origin/codex/c6-typebox-complete-test-input	6be3a8dd4eda84ce88587ab30f24354525ba4efe	true	413:MERGED:6be3a8dd4eda84ce88587ab30f24354525ba4efe
mergedPrExactHead	origin/codex/c6-typebox-current-main-contracts	379db568a84c3a9a3991554b4a2034edfa18ba46	true	412:MERGED:379db568a84c3a9a3991554b4a2034edfa18ba46
mergedPrExactHead	origin/codex/c6-typebox-lifecycle-contracts	f1156354fbb5198eb66d3cad3ac634f2ed351bf5	true	411:MERGED:f1156354fbb5198eb66d3cad3ac634f2ed351bf5
mergedPrExactHead	origin/codex/c6-typebox-packaging-contracts	fcbb46c0ba385ae30a88d092daa1d898b7f9eb2b	true	425:MERGED:fcbb46c0ba385ae30a88d092daa1d898b7f9eb2b
mergedPrExactHead	origin/codex/c6-typebox-provider-target-codec	bc3317498e77fc7a3c8f9c0314f9d8d609394443	true	418:MERGED:bc3317498e77fc7a3c8f9c0314f9d8d609394443
mergedPrExactHead	origin/codex/c6-typebox-release-contracts	096772bd324d95cca720f7c6751e8519251cc498	true	429:MERGED:096772bd324d95cca720f7c6751e8519251cc498
mergedPrExactHead	origin/codex/c6-typebox-release-input	16f15e3fbc03c4c7e5d6c87384573412ef39a625	true	398:MERGED:16f15e3fbc03c4c7e5d6c87384573412ef39a625
mergedPrExactHead	origin/codex/c6-typebox-targeted-test-input	a6ad345dd9d498df4f0c1d2ede5bfccfea0e247e	true	414:MERGED:a6ad345dd9d498df4f0c1d2ede5bfccfea0e247e
mergedPrExactHead	origin/codex/c6-typebox-vendor-contracts	3f62873cbc242fb6afee70a086324357e1e95310	true	426:MERGED:3f62873cbc242fb6afee70a086324357e1e95310
mergedPrExactHead	origin/codex/c6-verified-provider-binding	873fab9eda29c3374a9b50eb3d3ea388d56728c1	true	392:MERGED:873fab9eda29c3374a9b50eb3d3ea388d56728c1
mergedPrExactHead	origin/codex/cache-required-ci	0350611820cd0748c941ddc94f059e7db6fa16c7	true	523:MERGED:0350611820cd0748c941ddc94f059e7db6fa16c7
mergedPrExactHead	origin/codex/categorize-dev-service-proof	83867c390d85d17931481c0063c7da14f8764753	false	704:MERGED:83867c390d85d17931481c0063c7da14f8764753
mergedPrExactHead	origin/codex/categorize-hq-ops-service-proof	8c88a733445c692622bac28b12432af01474d587	false	705:MERGED:8c88a733445c692622bac28b12432af01474d587
mergedPrExactHead	origin/codex/chatgpt-corpus-bun-types	8c4c13e05e41b295155c5fa2e8a442cba645a41d	true	329:MERGED:8c4c13e05e41b295155c5fa2e8a442cba645a41d
mergedPrExactHead	origin/codex/clarify-habitat-definition-activation	d7884bd92d3139aa0279239cc0f04d7a4f42cf87	false	719:MERGED:d7884bd92d3139aa0279239cc0f04d7a4f42cf87
mergedPrExactHead	origin/codex/clarify-habitat-nx-release-transport	22eaae13f59a5fdc20cd76bdc97c40836a6bef9b	false	743:MERGED:22eaae13f59a5fdc20cd76bdc97c40836a6bef9b
mergedPrExactHead	origin/codex/clarify-lifecycle-cohesion	de0b461ec20ed9b8095859cc0fdc5d7a70708c97	false	674:MERGED:de0b461ec20ed9b8095859cc0fdc5d7a70708c97
mergedPrExactHead	origin/codex/classify-habitat-platform-overlays	3c58db1050fc84b5d40e2c1891565504296459ba	false	827:MERGED:3c58db1050fc84b5d40e2c1891565504296459ba
mergedPrExactHead	origin/codex/classify-habitat-runtime-inventory	23f8b3bb76af82ef1f108085099c5bc0d05cc14e	false	883:MERGED:23f8b3bb76af82ef1f108085099c5bc0d05cc14e
mergedPrExactHead	origin/codex/clean-service-blueprint	592bb8a077eb2b2110e85f9496e10d6e4c60c4d6	false	897:MERGED:592bb8a077eb2b2110e85f9496e10d6e4c60c4d6
mergedPrExactHead	origin/codex/cleanup-legacy-skill-projections	f93ef38b90f945d8413f49c8c06c1e518c5bf9bc	true	331:MERGED:f93ef38b90f945d8413f49c8c06c1e518c5bf9bc
mergedPrExactHead	origin/codex/close-cli-authority-guidance	27a41c8d8369b1277d5512fde18207028b6814dd	false	647:MERGED:27a41c8d8369b1277d5512fde18207028b6814dd
mergedPrExactHead	origin/codex/close-contract-error-shorthand-law	9088a029be84f5d18ee791124a5bbd79c636cc08	false	794:MERGED:9088a029be84f5d18ee791124a5bbd79c636cc08
mergedPrExactHead	origin/codex/close-example-todo-law-review	56575fb24cbd89bb6b320e636e9f06610e1c1b67	false	688:MERGED:56575fb24cbd89bb6b320e636e9f06610e1c1b67
mergedPrExactHead	origin/codex/close-habitat-boundary-migration	f4bd8c03389832b6b7c818dfabbcf73500d4b0f2	false	720:MERGED:f4bd8c03389832b6b7c818dfabbcf73500d4b0f2
mergedPrExactHead	origin/codex/close-habitat-shared-blueprints	bf6229eb2d491623ed3cd442cf105ba8ad1840ec	false	833:MERGED:bf6229eb2d491623ed3cd442cf105ba8ad1840ec
mergedPrExactHead	origin/codex/close-hq-ops-config-module	4b64fc442fed966dda3c47699008d506c99db2c8	false	707:MERGED:4b64fc442fed966dda3c47699008d506c99db2c8
mergedPrExactHead	origin/codex/close-hq-ops-journal-module	c4d81b060b4c7ffb5d08873f77aee2d361c31d2f	false	708:MERGED:c4d81b060b4c7ffb5d08873f77aee2d361c31d2f
mergedPrExactHead	origin/codex/close-hq-ops-root-model	0e2d7fae93f9052b6f28f5ddb600baa3cccc53c7	false	706:MERGED:0e2d7fae93f9052b6f28f5ddb600baa3cccc53c7
mergedPrExactHead	origin/codex/close-lifecycle-admission-boundary	1ff4eea30d98fd996901a9818f4e2b23c46c6354	false	680:MERGED:1ff4eea30d98fd996901a9818f4e2b23c46c6354
mergedPrExactHead	origin/codex/close-lifecycle-context-funnel-record	12b353d4967355eeeaf638a8b2a5c6aa9403081e	false	670:MERGED:12b353d4967355eeeaf638a8b2a5c6aa9403081e
mergedPrExactHead	origin/codex/close-lifecycle-landing-record	6e617356f50c7ca926d572e213e1cdea32bf0d45	false	810:MERGED:6e617356f50c7ca926d572e213e1cdea32bf0d45
mergedPrExactHead	origin/codex/close-lifecycle-model-topology	0b0d78aa8cdd58bc3c88018201152d757471a0ca	false	781:MERGED:0b0d78aa8cdd58bc3c88018201152d757471a0ca
mergedPrExactHead	origin/codex/close-lifecycle-typebox-authority	13ad8f117f8c747232693f6eb347015c14a5e3ea	false	667:MERGED:13ad8f117f8c747232693f6eb347015c14a5e3ea
mergedPrExactHead	origin/codex/close-service-construction-laws	682f437aa66a985a9adf6f1ea59562d00a65f7ac	false	783:MERGED:682f437aa66a985a9adf6f1ea59562d00a65f7ac
mergedPrExactHead	origin/codex/close-service-schema-publication	7ecd3965e6f0bf4d353d96b4f2df613871f132b1	false	798:MERGED:7ecd3965e6f0bf4d353d96b4f2df613871f132b1
mergedPrExactHead	origin/codex/close-service-self-imports	2b0fb125a043fb7d6f63535d00c4da405fc76b00	false	791:MERGED:2b0fb125a043fb7d6f63535d00c4da405fc76b00
mergedPrExactHead	origin/codex/collapse-ci-critical-path	699ccb708406e8e8fbd57561251cebf2acee2710	false	690:MERGED:699ccb708406e8e8fbd57561251cebf2acee2710
mergedPrExactHead	origin/codex/collapse-rawr-controller	6738d56505e89a33ed81179fcef0652b06f2e979	false	774:MERGED:6738d56505e89a33ed81179fcef0652b06f2e979
mergedPrExactHead	origin/codex/complete-habitat-release-acceptance	de9c1d62dfe58942a038ba9e4720c94fd247cdbd	false	806:MERGED:de9c1d62dfe58942a038ba9e4720c94fd247cdbd
mergedPrExactHead	origin/codex/consume-habitat-0-4-1	7d42a3026b0b9a1e350b8020c6d510087ae5af51	false	809:MERGED:7d42a3026b0b9a1e350b8020c6d510087ae5af51
mergedPrExactHead	origin/codex/consume-habitat-0-5-0	293d1762d463271209020287301a2f8beef6060c	false	830:MERGED:293d1762d463271209020287301a2f8beef6060c
mergedPrExactHead	origin/codex/consume-habitat-0-5-2	d374aeeb408c79d31709385e18dabaea7ff43401	false	838:MERGED:d374aeeb408c79d31709385e18dabaea7ff43401
mergedPrExactHead	origin/codex/consume-habitat-cli-0-2-4	42dd211d88c7cfdecf3c2bf717f7fd55c1f7d051	false	764:MERGED:42dd211d88c7cfdecf3c2bf717f7fd55c1f7d051
mergedPrExactHead	origin/codex/consume-habitat-cli-0-3-0	5e6bf2de57b9764167007849096f7d7c06a367d4	false	770:MERGED:5e6bf2de57b9764167007849096f7d7c06a367d4
mergedPrExactHead	origin/codex/consume-habitat-cli-v0-1-0	371b106de8cd5bc2c3bc900220f0a43a3b4f6f39	false	689:MERGED:371b106de8cd5bc2c3bc900220f0a43a3b4f6f39
mergedPrExactHead	origin/codex/correct-app-runtime-authority	957fcf6366be7831ff8936cfb84397a155be9293	false	882:MERGED:957fcf6366be7831ff8936cfb84397a155be9293
mergedPrExactHead	origin/codex/correct-habitat-release-guidance	5d2cc14067de43f6c323c3cd6632edd6171d9b4b	false	801:MERGED:5d2cc14067de43f6c323c3cd6632edd6171d9b4b
mergedPrExactHead	origin/codex/correct-runtime-prerequisite-record	213b84a5bde2d269ec995b773599676654af6883	false	683:MERGED:213b84a5bde2d269ec995b773599676654af6883
mergedPrExactHead	origin/codex/curate-hq-ops-module-context	b1c3f40cb579c6126457763325f6812fd15ee585	false	615:MERGED:b1c3f40cb579c6126457763325f6812fd15ee585
mergedPrExactHead	origin/codex/curate-lifecycle-module-context	7f2947fc12ad5ecc206b3abc82fdc5705ec89e57	false	614:MERGED:7f2947fc12ad5ecc206b3abc82fdc5705ec89e57
mergedPrExactHead	origin/codex/cutover-habitat-command-readers	9ea34fab1e466eb90cadbb2db6968bfa6112254b	false	903:MERGED:9ea34fab1e466eb90cadbb2db6968bfa6112254b
mergedPrExactHead	origin/codex/cutover-habitat-consumer-0-2-3	f821148757659273aee85f7de1aca8e1b9e06fa0	false	758:MERGED:f821148757659273aee85f7de1aca8e1b9e06fa0
mergedPrExactHead	origin/codex/define-imported-export-jsdoc-law	9491d42626e98ce47e492e2131e875dde20c0c2c	true	537:MERGED:9491d42626e98ce47e492e2131e875dde20c0c2c
mergedPrExactHead	origin/codex/define-service-database-boundary	631a024744a23964773c11dd59372e36502d43a6	false	604:MERGED:631a024744a23964773c11dd59372e36502d43a6
mergedPrExactHead	origin/codex/delete-complete-set-record-parsers	3b1fd56ed978b4a16ec8d7afe9d4b17cc2200393	false	677:MERGED:3b1fd56ed978b4a16ec8d7afe9d4b17cc2200393
mergedPrExactHead	origin/codex/delete-current-main-facade	ae41de5b090a6835677d88cc87d0f7a9b0c09740	false	566:MERGED:ae41de5b090a6835677d88cc87d0f7a9b0c09740
mergedPrExactHead	origin/codex/delete-current-main-record-parser	f8c42ae669a5b927c7a11004e2b1a3ef7fb448b7	false	671:MERGED:f8c42ae669a5b927c7a11004e2b1a3ef7fb448b7
mergedPrExactHead	origin/codex/delete-individual-release-record-parsers	c7a7885a19455a0339d80bbf2ed3213eccf78620	false	676:MERGED:c7a7885a19455a0339d80bbf2ed3213eccf78620
mergedPrExactHead	origin/codex/delete-ownership-record-parser	eef369fd4bd1c1fad20a509bbbbee8f8cfb9fc08	false	675:MERGED:eef369fd4bd1c1fad20a509bbbbee8f8cfb9fc08
mergedPrExactHead	origin/codex/delete-payload-record-parsers	9f00f905e0cdb7be08a1f332513442e01b511d57	false	672:MERGED:9f00f905e0cdb7be08a1f332513442e01b511d57
mergedPrExactHead	origin/codex/delete-release-input-record-parsers	cee1d2c491ac2c7f834b63aaba681277f2951490	false	673:MERGED:cee1d2c491ac2c7f834b63aaba681277f2951490
mergedPrExactHead	origin/codex/derive-current-main-git-from-typebox	5d415e4e84203e72d235999260a1dd3bd4b43cdb	false	669:MERGED:5d415e4e84203e72d235999260a1dd3bd4b43cdb
mergedPrExactHead	origin/codex/derive-service-middleware-from-base	b08df0f8f1f35555ab0c255c62534a7e7896f968	false	632:MERGED:b08df0f8f1f35555ab0c255c62534a7e7896f968
mergedPrExactHead	origin/codex/detach-example-todo-contract-authority	08e5cc79ea09b17ec9bdbfa3abc6a149134b368b	false	620:MERGED:08e5cc79ea09b17ec9bdbfa3abc6a149134b368b
mergedPrExactHead	origin/codex/dev-mechanics-capabilities	977bf699f88061849dc5e8f18a8d9559e0d462df	false	697:MERGED:977bf699f88061849dc5e8f18a8d9559e0d462df
mergedPrExactHead	origin/codex/dev-model-boundary	c59f3af90f70ee22e33fb500ca9e95d846d79610	false	696:MERGED:c59f3af90f70ee22e33fb500ca9e95d846d79610
mergedPrExactHead	origin/codex/dev-module-context	456bc95efbb589398d913913ca61d7bdf9baea55	false	698:MERGED:456bc95efbb589398d913913ca61d7bdf9baea55
mergedPrExactHead	origin/codex/dev-procedure-metadata-policy	f249a6796dc740cba51d6aaf9a70b2cf94dc3db1	false	695:MERGED:f249a6796dc740cba51d6aaf9a70b2cf94dc3db1
mergedPrExactHead	origin/codex/dev-repo-topology	6dae402b144cc5ef355d90129668a44bef75d91b	false	701:MERGED:6dae402b144cc5ef355d90129668a44bef75d91b
mergedPrExactHead	origin/codex/dev-scratch-policy-topology	b4200b0c4e390bbe09ffd23b7dcbb4ced139fe98	false	699:MERGED:b4200b0c4e390bbe09ffd23b7dcbb4ced139fe98
mergedPrExactHead	origin/codex/dev-stack-observation-authority	c03383cd8b6c015e2e7ed85d75aa98c8715bef26	false	703:MERGED:c03383cd8b6c015e2e7ed85d75aa98c8715bef26
mergedPrExactHead	origin/codex/dev-stack-topology	3708befffc3389edacbb5138163b6427b0337fca	false	702:MERGED:3708befffc3389edacbb5138163b6427b0337fca
mergedPrExactHead	origin/codex/dev-worktree-topology	eb5f6e757d90da519ab2ed1f0e8b02025fbad5c5	false	700:MERGED:eb5f6e757d90da519ab2ed1f0e8b02025fbad5c5
mergedPrExactHead	origin/codex/enforce-agent-context-routers	976077df5b0bf5cc81ec5892a03f5ae525ccbfd2	true	536:MERGED:976077df5b0bf5cc81ec5892a03f5ae525ccbfd2
mergedPrExactHead	origin/codex/enforce-agent-workflow-authority	8225b9b58d1b62e88a994ce6971deb029404d1b2	true	540:MERGED:8225b9b58d1b62e88a994ce6971deb029404d1b2
mergedPrExactHead	origin/codex/enforce-lifecycle-platform-independence	8cac978bcd9082356325722554d606f34c4d6a31	false	595:MERGED:8cac978bcd9082356325722554d606f34c4d6a31
mergedPrExactHead	origin/codex/enforce-module-router-authority	95d5dfe9167c0f7287d034471797ad553ce4b3f9	false	635:MERGED:95d5dfe9167c0f7287d034471797ad553ce4b3f9
mergedPrExactHead	origin/codex/enforce-resource-provider-boundaries	26dbc9a5943637ed67b5b710889246f1aaefcb35	false	557:MERGED:26dbc9a5943637ed67b5b710889246f1aaefcb35
mergedPrExactHead	origin/codex/enforce-service-context-funnel	9b8128df6b3191b8c855f230f3b4ccfa5f9bbc0a	true	534:MERGED:9b8128df6b3191b8c855f230f3b4ccfa5f9bbc0a
mergedPrExactHead	origin/codex/example-todo-service-database	c6ed462bf25c20adde27013a9e6c05a9bccf6cf7	false	611:MERGED:c6ed462bf25c20adde27013a9e6c05a9bccf6cf7
mergedPrExactHead	origin/codex/extract-versioned-content-resource	0c9ee957ecd1b2aaa56d99d7420b046bec962829	false	558:MERGED:0c9ee957ecd1b2aaa56d99d7420b046bec962829
mergedPrExactHead	origin/codex/finalize-habitat-foundation	1089b7847b58a7e359f76e7a0e14462fd20e332e	false	899:MERGED:1089b7847b58a7e359f76e7a0e14462fd20e332e
mergedPrExactHead	origin/codex/fix-contract-error-data-authority	4a4a8a2019bb6f38d19456984215dc5913c3ed5e	false	686:MERGED:4a4a8a2019bb6f38d19456984215dc5913c3ed5e
mergedPrExactHead	origin/codex/fix-habitat-cli-json-output	1b19d4b2d7cde10e1ad5857580802917161be738	false	760:MERGED:1b19d4b2d7cde10e1ad5857580802917161be738
mergedPrExactHead	origin/codex/fix-habitat-documentation-input	c7021c5123d7147411a1d8d27b02407e5c4807ce	false	612:MERGED:c7021c5123d7147411a1d8d27b02407e5c4807ce
mergedPrExactHead	origin/codex/fix-habitat-node-projection	e2f338dfa688908177bcd79a1d592380b8508eff	false	754:MERGED:e2f338dfa688908177bcd79a1d592380b8508eff
mergedPrExactHead	origin/codex/fix-habitat-npm12-pack-admission	41cc952bd13f7aad67e0aa1a72ff11a87acbf169	false	779:MERGED:41cc952bd13f7aad67e0aa1a72ff11a87acbf169
mergedPrExactHead	origin/codex/fix-habitat-nx-runtime-input	82c4089db4b39feb750e9948a5ae1ea1d4f9924f	false	831:MERGED:82c4089db4b39feb750e9948a5ae1ea1d4f9924f
mergedPrExactHead	origin/codex/fix-habitat-self-hosted-inputs	8f9cc2be0e1a1a868eb37d7a59bb103fbae475c8	false	756:MERGED:8f9cc2be0e1a1a868eb37d7a59bb103fbae475c8
mergedPrExactHead	origin/codex/fix-oclif-installed-path-isolation	b59b47b8744360439d7733027a97d70ba9046d25	false	685:MERGED:b59b47b8744360439d7733027a97d70ba9046d25
mergedPrExactHead	origin/codex/fix-rawr-nx-json-args	97d4396df81806eb1f496dd19bb07f8106a05fa9	false	816:MERGED:97d4396df81806eb1f496dd19bb07f8106a05fa9
mergedPrExactHead	origin/codex/fix-service-proof-root-resolution	35219157beea07f163d1d958923717918d254737	false	639:MERGED:35219157beea07f163d1d958923717918d254737
mergedPrExactHead	origin/codex/fix-vendor-repository-locator	4e5b0c628afabfe15732d8ea6d450a5caaec1fa7	false	684:MERGED:4e5b0c628afabfe15732d8ea6d450a5caaec1fa7
mergedPrExactHead	origin/codex/frame-grit-json-output	5e9560cf6e8d070b45406e0fd61cdfbb417d66fa	false	805:MERGED:5e9560cf6e8d070b45406e0fd61cdfbb417d66fa
mergedPrExactHead	origin/codex/frame-habitat-check-performance	9541cb8486cf690c99221d2d3f379683cceea982	false	834:MERGED:9541cb8486cf690c99221d2d3f379683cceea982
mergedPrExactHead	origin/codex/gate-a-foundation-producer	a6501893ea7200acfda6111b93b1d8a18a9067c2	false	901:MERGED:a6501893ea7200acfda6111b93b1d8a18a9067c2
mergedPrExactHead	origin/codex/gate-nx-release-publication	7e7a05308ad809cec59db2d5820b31dd0e368496	false	665:MERGED:7e7a05308ad809cec59db2d5820b31dd0e368496
mergedPrExactHead	origin/codex/habitat-bun-consumer-boundary	59bde76bc63e7a4b2abd3963528b02a5332097bd	false	889:MERGED:59bde76bc63e7a4b2abd3963528b02a5332097bd
mergedPrExactHead	origin/codex/habitat-cli-sdk-release	57d46b00b3b62a19272ce42ea922c9e1305463f0	false	888:MERGED:57d46b00b3b62a19272ce42ea922c9e1305463f0
mergedPrExactHead	origin/codex/habitat-cli-sdk-release-0-5-3	0bb97edae08da9ea88375f87ed5f92a79fc3d327	false	891:MERGED:0bb97edae08da9ea88375f87ed5f92a79fc3d327
mergedPrExactHead	origin/codex/habitat-cli-sdk-release-0-5-3-clean	025effaac162f18910abd864be4618952ea5c600	false	892:MERGED:025effaac162f18910abd864be4618952ea5c600
mergedPrExactHead	origin/codex/habitat-cli-sdk-release-0-5-4	0bfc8c3ff1bb550d59a020689be9c6853054e3b4	false	893:MERGED:0bfc8c3ff1bb550d59a020689be9c6853054e3b4
mergedPrExactHead	origin/codex/habitat-cli-sdk-release-0-5-5	3c6f2bb8238a0932e5f4f28ade71edadcdbfffcb	false	894:MERGED:3c6f2bb8238a0932e5f4f28ade71edadcdbfffcb
mergedPrExactHead	origin/codex/habitat-consumer-husky-cutover	c2012677ef659d5bb42121f2d4cbf2963b07aa74	false	815:MERGED:c2012677ef659d5bb42121f2d4cbf2963b07aa74
mergedPrExactHead	origin/codex/habitat-core-intake	cd4bb6fcb5e68abfb22db9574acae82aeca2ee3f	false	710:MERGED:cd4bb6fcb5e68abfb22db9574acae82aeca2ee3f
mergedPrExactHead	origin/codex/habitat-first-registry-settlement	81c05127fe0670d65d6f4bbc353ecad665dd068c	false	746:MERGED:81c05127fe0670d65d6f4bbc353ecad665dd068c
mergedPrExactHead	origin/codex/habitat-fresh-observation-proof	3806875b781cd9dfc38cee2f3d3376f20b8e711f	false	718:MERGED:3806875b781cd9dfc38cee2f3d3376f20b8e711f
mergedPrExactHead	origin/codex/habitat-grit-provider-correction	92eddfae12d1aa7d778f962451a2251eaa251760	false	890:MERGED:92eddfae12d1aa7d778f962451a2251eaa251760
mergedPrExactHead	origin/codex/habitat-husky-consumer-hooks	3be07dee9120d2686f77a93e87c96b1e6fc6f745	false	812:MERGED:3be07dee9120d2686f77a93e87c96b1e6fc6f745
mergedPrExactHead	origin/codex/habitat-live-structure-reconciliation	8e972a5e42726873852c0ceeca07984b67da881b	false	717:MERGED:8e972a5e42726873852c0ceeca07984b67da881b
mergedPrExactHead	origin/codex/habitat-native-compatibility-execution	451b1d33b37e2e155ed7e8b779bb67e941ff1bd5	false	747:MERGED:451b1d33b37e2e155ed7e8b779bb67e941ff1bd5
mergedPrExactHead	origin/codex/habitat-native-compatibility-service	b9d637f8e740f090a014dbdc60609ea8f8947c04	false	748:MERGED:b9d637f8e740f090a014dbdc60609ea8f8947c04
mergedPrExactHead	origin/codex/habitat-native-structure-evaluation	c939af7b248464aad050dcda0e2594cdaccd04a3	false	716:MERGED:c939af7b248464aad050dcda0e2594cdaccd04a3
mergedPrExactHead	origin/codex/habitat-nx-cache-scope	eef4b8d78a5b271725e23ff1d7a20cc718bf1cd1	false	723:MERGED:eef4b8d78a5b271725e23ff1d7a20cc718bf1cd1
mergedPrExactHead	origin/codex/habitat-nx-projection	a875912bfab12350314ed507efff7b1ff3a66c5c	false	722:MERGED:a875912bfab12350314ed507efff7b1ff3a66c5c
mergedPrExactHead	origin/codex/habitat-nx-restore-scoped-cache	c3d0a3e1686ade2b9abc9cf1c2b487c1cdbb3ca8	false	725:MERGED:c3d0a3e1686ade2b9abc9cf1c2b487c1cdbb3ca8
mergedPrExactHead	origin/codex/habitat-oclif-projection	3657b2ab942dcdd6346e535c350476404ce981da	false	721:MERGED:3657b2ab942dcdd6346e535c350476404ce981da
mergedPrExactHead	origin/codex/habitat-package-catalog	5e9027035d2b01c924b5915005bbe4362de4f37e	false	822:MERGED:5e9027035d2b01c924b5915005bbe4362de4f37e
mergedPrExactHead	origin/codex/habitat-package-shared-law	dea95b91d5f4dc9f3c72b36b1ce19f187a3974ef	false	824:MERGED:dea95b91d5f4dc9f3c72b36b1ce19f187a3974ef
mergedPrExactHead	origin/codex/habitat-product-blueprints	18991f933cf2bdd6c654082b7f81f2fd28182e93	false	711:MERGED:18991f933cf2bdd6c654082b7f81f2fd28182e93
mergedPrExactHead	origin/codex/habitat-registry-verification-retry	ceabccaa3c62a4e2b53e8a4e209f3ffa61b237e8	false	814:MERGED:ceabccaa3c62a4e2b53e8a4e209f3ffa61b237e8
mergedPrExactHead	origin/codex/habitat-repository-preset	201a7270cc2511b94b2b4194fe9b44fd803d896c	false	887:MERGED:201a7270cc2511b94b2b4194fe9b44fd803d896c
mergedPrExactHead	origin/codex/habitat-rule-evaluation-resource	b5151dc2bce31b98f5fab280a1c1c93b944da6a1	false	712:MERGED:b5151dc2bce31b98f5fab280a1c1c93b944da6a1
mergedPrExactHead	origin/codex/habitat-sdk-cli-release	3f80c00f5f14c1c91341ab396c6084d8b11a7636	false	778:MERGED:3f80c00f5f14c1c91341ab396c6084d8b11a7636
mergedPrExactHead	origin/codex/habitat-service-authority-catalog	8c4f3ff6d87e6ce783531c96a076849b3b12323f	false	713:MERGED:8c4f3ff6d87e6ce783531c96a076849b3b12323f
mergedPrExactHead	origin/codex/habitat-service-project-root	4ef50dcbce58e2d498fa8748b3fb4a7051f7dd0d	false	825:MERGED:4ef50dcbce58e2d498fa8748b3fb4a7051f7dd0d
mergedPrExactHead	origin/codex/habitat-service-rule-check	e4b6d65506235f78dd367ef27f4728b2d2925fad	false	714:MERGED:e4b6d65506235f78dd367ef27f4728b2d2925fad
mergedPrExactHead	origin/codex/habitat-shared-law-proof	1a395b477c7c60eadec14b7b70f2ffc31d004710	false	826:MERGED:1a395b477c7c60eadec14b7b70f2ffc31d004710
mergedPrExactHead	origin/codex/habitat-source-inventory-resource	a60a26bd42aec2b48ae55e8fa1092aa95bf2eb1d	false	715:MERGED:a60a26bd42aec2b48ae55e8fa1092aa95bf2eb1d
mergedPrExactHead	origin/codex/initialize-habitat-consumers	a2b92900ea0614b8e9b58dab90621ec6f2177372	false	735:MERGED:a2b92900ea0614b8e9b58dab90621ec6f2177372
mergedPrExactHead	origin/codex/lifecycle-service-construction-spine	336d5d50627c8331baf2af9aa28eb4ec3c5dab3b	true	517:MERGED:336d5d50627c8331baf2af9aa28eb4ec3c5dab3b
mergedPrExactHead	origin/codex/lifecycle-shared-current-main	8356af5283b8e055007b5cb3b7a07480631fd7f1	true	521:MERGED:8356af5283b8e055007b5cb3b7a07480631fd7f1
mergedPrExactHead	origin/codex/localize-cowork-packaging-policy	8fbf85dfd73343e1752265fe4758910651bcd6a8	false	568:MERGED:8fbf85dfd73343e1752265fe4758910651bcd6a8
mergedPrExactHead	origin/codex/localize-lifecycle-metadata-policy	31604dc381ff157941ddb7c4cb62609026571266	false	631:MERGED:31604dc381ff157941ddb7c4cb62609026571266
mergedPrExactHead	origin/codex/localize-packaging-content-workspace	508edc00b34272cfde23f50f5385d444685edd9a	false	570:MERGED:508edc00b34272cfde23f50f5385d444685edd9a
mergedPrExactHead	origin/codex/localize-provider-selected-content	7d753bfb4bd2ce95b746e39b389a37ea8776ac31	true	544:MERGED:7d753bfb4bd2ce95b746e39b389a37ea8776ac31
mergedPrExactHead	origin/codex/localize-release-content-workspace	6d14b29fa0f00ec1c8a9487bccf7da84470929d5	false	569:MERGED:6d14b29fa0f00ec1c8a9487bccf7da84470929d5
mergedPrExactHead	origin/codex/localize-staged-content-observation	10e9999bdbd35159ba34a0d397568e9b7f435d01	true	543:MERGED:10e9999bdbd35159ba34a0d397568e9b7f435d01
mergedPrExactHead	origin/codex/localize-vendor-clock-port	a9a504857a0ff6782430f4b36ff2b868190d735c	false	630:MERGED:a9a504857a0ff6782430f4b36ff2b868190d735c
mergedPrExactHead	origin/codex/make-required-ci-proportional	ba25fb11da81393bb5ec9b73f6bca664e0732740	false	733:MERGED:ba25fb11da81393bb5ec9b73f6bca664e0732740
mergedPrExactHead	origin/codex/materialize-disposable-provider-marketplace	17eb94797f9c0f62bef0711bcb191d0ca9612cdd	false	597:MERGED:17eb94797f9c0f62bef0711bcb191d0ca9612cdd
mergedPrExactHead	origin/codex/migrate-example-todo-service-law	f680a8916fa8bc1133de46d07fa93279be46e045	false	687:MERGED:f680a8916fa8bc1133de46d07fa93279be46e045
mergedPrExactHead	origin/codex/migrate-governance-router-authority	6f56f9e973d7d1e87c726930ce01443537f32172	false	660:MERGED:6f56f9e973d7d1e87c726930ce01443537f32172
mergedPrExactHead	origin/codex/migrate-lifecycle-governance-module	4c8f8dc557ef76e0f8904a57fd1d36b253cc37d8	false	636:MERGED:4c8f8dc557ef76e0f8904a57fd1d36b253cc37d8
mergedPrExactHead	origin/codex/migrate-lifecycle-packaging-module	b77809e36f2c235c036355521c93b188dbfa96dc	false	638:MERGED:b77809e36f2c235c036355521c93b188dbfa96dc
mergedPrExactHead	origin/codex/migrate-lifecycle-providers-module	3c4d608d0b8af4384175a2faf803f4add5671fdf	false	640:MERGED:3c4d608d0b8af4384175a2faf803f4add5671fdf
mergedPrExactHead	origin/codex/migrate-lifecycle-releases-module	5e66605652663d7259844e63869b4fffa33ed80a	false	637:MERGED:5e66605652663d7259844e63869b4fffa33ed80a
mergedPrExactHead	origin/codex/migrate-lifecycle-vendors-module	111780bb5f979c42a067d81d45fa9255996f4794	false	641:MERGED:111780bb5f979c42a067d81d45fa9255996f4794
mergedPrExactHead	origin/codex/migrate-packaging-router-authority	e848ebe0b61f75ef8b576e1492b26b177282f850	false	661:MERGED:e848ebe0b61f75ef8b576e1492b26b177282f850
mergedPrExactHead	origin/codex/migrate-providers-router-authority	74eb08f272c73aa0041f402e4b34fed956b948aa	false	663:MERGED:74eb08f272c73aa0041f402e4b34fed956b948aa
mergedPrExactHead	origin/codex/migrate-releases-router-authority	d71dfeae34cf48490373519b5c247582cfffc860	false	664:MERGED:d71dfeae34cf48490373519b5c247582cfffc860
mergedPrExactHead	origin/codex/migrate-vendors-router-authority	774b1839bc01bd5c0352e908c491b5991e33ef9b	false	662:MERGED:774b1839bc01bd5c0352e908c491b5991e33ef9b
mergedPrExactHead	origin/codex/narrow-foundational-lint-inputs	8ada0839650a8460627c95a1ebae33d821da4c6b	false	841:MERGED:8ada0839650a8460627c95a1ebae33d821da4c6b
mergedPrExactHead	origin/codex/narrow-habitat-source-law-inputs	2ae0e9adb5f692b80ebb3a60871bf2b0fd5adf5b	false	599:MERGED:2ae0e9adb5f692b80ebb3a60871bf2b0fd5adf5b
mergedPrExactHead	origin/codex/narrow-habitat-workspace-inputs	d18cf40d62a7716bf2986d4723cde11e2adf3c6b	false	835:MERGED:d18cf40d62a7716bf2986d4723cde11e2adf3c6b
mergedPrExactHead	origin/codex/native-provider-cleanup-handoff	06ccfac0d59b060801e1dc36356752f6a06f5bae	true	316:MERGED:06ccfac0d59b060801e1dc36356752f6a06f5bae
mergedPrExactHead	origin/codex/native-provider-cleanup-implementation	aa871d474e492b4af6c7964636a1a194d0d311ea	true	317:MERGED:aa871d474e492b4af6c7964636a1a194d0d311ea
mergedPrExactHead	origin/codex/neutralize-content-quality-fixture	c33891cae5479b64c5cb1e36cb2bd45acc950833	false	646:MERGED:c33891cae5479b64c5cb1e36cb2bd45acc950833
mergedPrExactHead	origin/codex/normalize-example-todo-record-model	a1eed6684becf294008ab3ece96e0a12f5c4844c	false	607:MERGED:a1eed6684becf294008ab3ece96e0a12f5c4844c
mergedPrExactHead	origin/codex/normalize-example-todo-request-context	f6c21c051894c008ad03ecebbc79556571cb172e	false	618:MERGED:f6c21c051894c008ad03ecebbc79556571cb172e
mergedPrExactHead	origin/codex/normalize-example-todo-root-model	56e99e761203987b4780f07a536183798a0b133b	false	606:MERGED:56e99e761203987b4780f07a536183798a0b133b
mergedPrExactHead	origin/codex/normalize-governance-router-authorship	f751ba02e353f9598dc7b04ee9b8f2e33f56a70f	true	547:MERGED:f751ba02e353f9598dc7b04ee9b8f2e33f56a70f
mergedPrExactHead	origin/codex/normalize-habitat-router-face	568cdebf1d4bd000f3de810295f119b62087822f	false	790:MERGED:568cdebf1d4bd000f3de810295f119b62087822f
mergedPrExactHead	origin/codex/normalize-hq-ops-module-middleware	fefa2177c8f1b1c81127f6994b4cc6deaa05b614	false	616:MERGED:fefa2177c8f1b1c81127f6994b4cc6deaa05b614
mergedPrExactHead	origin/codex/normalize-lifecycle-governance	245d32df1adfffd2275490af3f5080c640726005	true	527:MERGED:245d32df1adfffd2275490af3f5080c640726005
mergedPrExactHead	origin/codex/normalize-lifecycle-import-law	ad98ba720476314f16476c451dd25fbe54531042	false	567:MERGED:ad98ba720476314f16476c451dd25fbe54531042
mergedPrExactHead	origin/codex/normalize-lifecycle-middleware-provenance	436d54830832a68ba38e4ed4801deda63baaaa70	true	554:MERGED:436d54830832a68ba38e4ed4801deda63baaaa70
mergedPrExactHead	origin/codex/normalize-lifecycle-nx-targets	71c4e10a9d71b6bc5ba280a933490cbe8d2196e7	false	633:MERGED:71c4e10a9d71b6bc5ba280a933490cbe8d2196e7
mergedPrExactHead	origin/codex/normalize-lifecycle-ownership-schema	a20d26e0ffb97578b6b134a6b74c3da0e92f4520	true	530:MERGED:a20d26e0ffb97578b6b134a6b74c3da0e92f4520
mergedPrExactHead	origin/codex/normalize-lifecycle-release-schemas	f443012985f30815be7e5e2f21d21f99814e7b0b	true	529:MERGED:f443012985f30815be7e5e2f21d21f99814e7b0b
mergedPrExactHead	origin/codex/normalize-lifecycle-releases	f7e721fdefb7e9c4d2d9a6444a73fd87c3046304	true	528:MERGED:f7e721fdefb7e9c4d2d9a6444a73fd87c3046304
mergedPrExactHead	origin/codex/normalize-lifecycle-router-authorship	f030c0c1098bca4f824a6ea1ffb74e95dc32c64f	false	784:MERGED:f030c0c1098bca4f824a6ea1ffb74e95dc32c64f
mergedPrExactHead	origin/codex/normalize-lifecycle-service-law	61c186122794e39a6f365d66bf7fd0466d274028	true	532:MERGED:61c186122794e39a6f365d66bf7fd0466d274028
mergedPrExactHead	origin/codex/normalize-lifecycle-service-topology	2247e98158950ab49df5620f78180b1231349448	true	526:MERGED:2247e98158950ab49df5620f78180b1231349448
mergedPrExactHead	origin/codex/normalize-nx-ci-foundation	2000cd2d4204ca06b569d946cf58ac4c22b54076	true	522:MERGED:2000cd2d4204ca06b569d946cf58ac4c22b54076
mergedPrExactHead	origin/codex/normalize-packaging-operation-authorship	147c300fc6669414edac2efcf201a677059a9f0d	true	546:MERGED:147c300fc6669414edac2efcf201a677059a9f0d
mergedPrExactHead	origin/codex/normalize-provider-router-face	1e4cd764143fffd94aaa35995f2219cb95c47985	true	545:MERGED:1e4cd764143fffd94aaa35995f2219cb95c47985
mergedPrExactHead	origin/codex/normalize-repository-quality-law	876a4e8b07a3eb3bd203c61a6e409101fe7cca28	true	525:MERGED:876a4e8b07a3eb3bd203c61a6e409101fe7cca28
mergedPrExactHead	origin/codex/normalize-vendor-router-authorship	656e26ba39041696efd2dd5ffb2252f259498b24	false	559:MERGED:656e26ba39041696efd2dd5ffb2252f259498b24
mergedPrExactHead	origin/codex/open-oclif-registry-gate	87cd4a9b0f7a77c40ad36f44e836071b052c2f05	false	654:MERGED:87cd4a9b0f7a77c40ad36f44e836071b052c2f05
mergedPrExactHead	origin/codex/package-habitat-public-artifacts	883cdaef2e1f430d39d9fd2754295e9287391dce	false	729:MERGED:883cdaef2e1f430d39d9fd2754295e9287391dce
mergedPrExactHead	origin/codex/package-habitat-service-artifact	77ca65376105a68ca77f897d4d050375f748d9f5	false	730:MERGED:77ca65376105a68ca77f897d4d050375f748d9f5
mergedPrExactHead	origin/codex/platform-spec-finalization	23e913229cf96d4249850d5bbd33052805661385	false	879:MERGED:23e913229cf96d4249850d5bbd33052805661385
mergedPrExactHead	origin/codex/plugin-sync-install-cache-repair	e045dd2fd5dfe418cb4c979e306c59a6a521d152	true	330:MERGED:e045dd2fd5dfe418cb4c979e306c59a6a521d152
mergedPrExactHead	origin/codex/plugin-sync-provider-version-core	d97ef6c75503ed907e0a3b0e4ab0065379a7d6d3	true	327:MERGED:d97ef6c75503ed907e0a3b0e4ab0065379a7d6d3
mergedPrExactHead	origin/codex/port-magic-service-authority	1f4dcc3dfbdd30e1e89aaeb6460fe5b4eedaa690	false	621:MERGED:1f4dcc3dfbdd30e1e89aaeb6460fe5b4eedaa690
mergedPrExactHead	origin/codex/port-service-blueprint-authority	93a6ea8ff35222da2d8e91108d63fbb99e4d8c66	true	533:MERGED:93a6ea8ff35222da2d8e91108d63fbb99e4d8c66
mergedPrExactHead	origin/codex/port-service-boundary-laws	876806d3ba7439ed793f581f1d03c741eca34a38	false	603:MERGED:876806d3ba7439ed793f581f1d03c741eca34a38
mergedPrExactHead	origin/codex/preserve-habitat-batch-deadline	06a90e02a65a7f56ecd47c91eac60c2c7ca44b37	false	771:MERGED:06a90e02a65a7f56ecd47c91eac60c2c7ca44b37
mergedPrExactHead	origin/codex/preserve-habitat-release-prerequisites	d3fc26cbad45442abda66c76a4727c15dcf1301f	false	799:MERGED:d3fc26cbad45442abda66c76a4727c15dcf1301f
mergedPrExactHead	origin/codex/preserve-habitat-workspace-protocols	9bfa227c8de197c0e7a99a7d6daca9d44f1aefd8	false	763:MERGED:9bfa227c8de197c0e7a99a7d6daca9d44f1aefd8
mergedPrExactHead	origin/codex/preserve-lifecycle-result-correlation	8eebf686525a14264515e1a6bed12b6c1a6d78b8	false	681:MERGED:8eebf686525a14264515e1a6bed12b6c1a6d78b8
mergedPrExactHead	origin/codex/preserve-service-context-lanes	0b15959a681fc6b9552e2d46bd0d64fcd3950e18	false	608:MERGED:0b15959a681fc6b9552e2d46bd0d64fcd3950e18
mergedPrExactHead	origin/codex/project-habitat-catalog-schemas	c1358b85d0c94f9f96c9db046f5d85b82ff3518e	false	795:MERGED:c1358b85d0c94f9f96c9db046f5d85b82ff3518e
mergedPrExactHead	origin/codex/project-habitat-native-compatibility	762ac76222c073b4383bfccc9c457939e593aaf5	false	750:MERGED:762ac76222c073b4383bfccc9c457939e593aaf5
mergedPrExactHead	origin/codex/project-lifecycle-core-schemas	f9c7132184b04fd629eaf9ac4fdb5d4bce0eed79	false	796:MERGED:f9c7132184b04fd629eaf9ac4fdb5d4bce0eed79
mergedPrExactHead	origin/codex/promote-agent-plugin-payload	c95cf21c5314513bbe65d4d0d085f4cba6143c77	false	583:MERGED:c95cf21c5314513bbe65d4d0d085f4cba6143c77
mergedPrExactHead	origin/codex/promote-agent-plugin-release-set	84121d76b9bcd074ddeb55fc0d89bfbe720284fe	false	591:MERGED:84121d76b9bcd074ddeb55fc0d89bfbe720284fe
mergedPrExactHead	origin/codex/promote-canonical-release-model	6c17f7520ed2987ce793c34323f3e53bf94bb2ba	false	581:MERGED:6c17f7520ed2987ce793c34323f3e53bf94bb2ba
mergedPrExactHead	origin/codex/promote-canonical-text-ordering	804145052ea5b8255bb8cade00da3053f585018b	false	582:MERGED:804145052ea5b8255bb8cade00da3053f585018b
mergedPrExactHead	origin/codex/promote-clean-content-workspace	7ba5ef5a3115f577494ffce49e9ec030a8362a5e	true	542:MERGED:7ba5ef5a3115f577494ffce49e9ec030a8362a5e
mergedPrExactHead	origin/codex/promote-completeness-witness-policy	f98180abb3d8cdc3a721e04d8e23c61467d0e427	false	588:MERGED:f98180abb3d8cdc3a721e04d8e23c61467d0e427
mergedPrExactHead	origin/codex/promote-distribution-ownership	73b62ed7099e208f0a7b46dc27843e5c19f9a6b8	false	584:MERGED:73b62ed7099e208f0a7b46dc27843e5c19f9a6b8
mergedPrExactHead	origin/codex/promote-provenance-binding-policy	bda831f546eafe0c15e38cd84ac1b779c4d989f1	false	587:MERGED:bda831f546eafe0c15e38cd84ac1b779c4d989f1
mergedPrExactHead	origin/codex/promote-release-constants	7717613e835233cbe9306519d67d8f76ab0bc16f	false	592:MERGED:7717613e835233cbe9306519d67d8f76ab0bc16f
mergedPrExactHead	origin/codex/promote-release-derivation-model	071059135d25792072911d7a40e98230ed2186f2	true	541:MERGED:071059135d25792072911d7a40e98230ed2186f2
mergedPrExactHead	origin/codex/promote-release-digests	757b5a66b7d56dcc3cbe7ebb74bf955a213adddc	false	594:MERGED:757b5a66b7d56dcc3cbe7ebb74bf955a213adddc
mergedPrExactHead	origin/codex/promote-release-identity	c6b92af98748727b50906c0dc512df00f8ee0489	false	593:MERGED:c6b92af98748727b50906c0dc512df00f8ee0489
mergedPrExactHead	origin/codex/promote-release-input-model	67616b38ad8fbcbf38760d16a789293a12115b24	false	586:MERGED:67616b38ad8fbcbf38760d16a789293a12115b24
mergedPrExactHead	origin/codex/promote-release-input-policy	b7c5504e67e28a54f30a6d66b5456c4f23631468	false	589:MERGED:b7c5504e67e28a54f30a6d66b5456c4f23631468
mergedPrExactHead	origin/codex/promote-release-result-model	0d7c1efb109acf10db8c6181af4142382036f9a6	false	580:MERGED:0d7c1efb109acf10db8c6181af4142382036f9a6
mergedPrExactHead	origin/codex/promote-release-value-admission	aa2777742d2cdebf91718788acb474a9108cf5c4	false	585:MERGED:aa2777742d2cdebf91718788acb474a9108cf5c4
mergedPrExactHead	origin/codex/prove-habitat-cache-precision	6e15cae607195878b318451704b1a7f956f2d62e	false	836:MERGED:6e15cae607195878b318451704b1a7f956f2d62e
mergedPrExactHead	origin/codex/reconcile-habitat-shared-laws	43e66610a0b5f90b059f498b969ad3d50f1b7e74	false	821:MERGED:43e66610a0b5f90b059f498b969ad3d50f1b7e74
mergedPrExactHead	origin/codex/record-habitat-0-5-5-release	234e34b7e24fd8b7f68cc9ceb56ecbbbfd0b3a2a	false	895:MERGED:234e34b7e24fd8b7f68cc9ceb56ecbbbfd0b3a2a
mergedPrExactHead	origin/codex/record-habitat-0-5-6-release	d5fc374c47ddfa68134d54300fcfa85e0bdee32b	false	902:MERGED:d5fc374c47ddfa68134d54300fcfa85e0bdee32b
mergedPrExactHead	origin/codex/record-habitat-blueprint-pack-admission	4159baa42274a56c6bfacc95832516bc601af726	false	742:MERGED:4159baa42274a56c6bfacc95832516bc601af726
mergedPrExactHead	origin/codex/record-habitat-cli-0-2-4	ff6d8f605d820678710ee21757acf6dfd0994c9b	false	765:MERGED:ff6d8f605d820678710ee21757acf6dfd0994c9b
mergedPrExactHead	origin/codex/record-habitat-compatibility-service	823d4c4266fdc02097897dd07a87cb3776e20891	false	749:MERGED:823d4c4266fdc02097897dd07a87cb3776e20891
mergedPrExactHead	origin/codex/record-habitat-consumer-cutover	a9ce517573adc726f40355cea2a9a127059a0e96	false	759:MERGED:a9ce517573adc726f40355cea2a9a127059a0e96
mergedPrExactHead	origin/codex/record-habitat-initializer-landing	4b1e653bdc0f2c91efb7ab6bdceca7ceca2f03a7	false	738:MERGED:4b1e653bdc0f2c91efb7ab6bdceca7ceca2f03a7
mergedPrExactHead	origin/codex/record-habitat-installed-artifacts	2c3477c0f882a32c1c204d62c8c819a1f26c0428	false	732:MERGED:2c3477c0f882a32c1c204d62c8c819a1f26c0428
mergedPrExactHead	origin/codex/record-habitat-policy-pack-frame	b85abec8b8a7a636c0ff064de3d08fbac1607e0f	false	741:MERGED:b85abec8b8a7a636c0ff064de3d08fbac1607e0f
mergedPrExactHead	origin/codex/record-habitat-substrate-0-2-1	8b911664e1aeadde3ed76ab82e653d6af8bbcc3f	false	753:MERGED:8b911664e1aeadde3ed76ab82e653d6af8bbcc3f
mergedPrExactHead	origin/codex/record-product-handoff-frame	616b86368a09c48ea59ebd4f2ac1f911689812d7	false	693:MERGED:616b86368a09c48ea59ebd4f2ac1f911689812d7
mergedPrExactHead	origin/codex/record-production-lifecycle-handoff	97798841373d5054fe2c4d2a3cebac601e9a3ea0	false	679:MERGED:97798841373d5054fe2c4d2a3cebac601e9a3ea0
mergedPrExactHead	origin/codex/record-proportional-nx-gate	1db59b5882922b7a736539fc0ee276fb28e4fb4a	false	734:MERGED:1db59b5882922b7a736539fc0ee276fb28e4fb4a
mergedPrExactHead	origin/codex/record-rawr-preset-adoption	d5e346877c2c2530c5c729685cb1ada30fcca845	false	896:MERGED:d5e346877c2c2530c5c729685cb1ada30fcca845
mergedPrExactHead	origin/codex/refresh-service-blueprint-law	9dd2d062750a1a60a6d364827c6f55f620a57d6b	true	524:MERGED:9dd2d062750a1a60a6d364827c6f55f620a57d6b
mergedPrExactHead	origin/codex/release-explicit-runtime-closure	9d128eab1c4a987904178c04c3460f0babe55015	false	648:MERGED:9d128eab1c4a987904178c04c3460f0babe55015
mergedPrExactHead	origin/codex/release-habitat-0-2-2	b1f6624ee1ab4e6c8870fd9140ce56c0de78dc10	false	755:MERGED:b1f6624ee1ab4e6c8870fd9140ce56c0de78dc10
mergedPrExactHead	origin/codex/release-habitat-0-2-3	956bab4a8cf048455556b873cce9dddf9da87bc8	false	757:MERGED:956bab4a8cf048455556b873cce9dddf9da87bc8
mergedPrExactHead	origin/codex/release-habitat-0-4-1	520ea8c5762462b9dde4eeca068a96567a426a36	false	808:MERGED:520ea8c5762462b9dde4eeca068a96567a426a36
mergedPrExactHead	origin/codex/release-habitat-0-4-2	39cca0423874f8b860ca14cfdf9fd3ee7f2e184b	false	813:MERGED:39cca0423874f8b860ca14cfdf9fd3ee7f2e184b
mergedPrExactHead	origin/codex/release-habitat-0-5-0	e993a53c55d332e81c554ab180f38c69b5bc120e	false	829:MERGED:e993a53c55d332e81c554ab180f38c69b5bc120e
mergedPrExactHead	origin/codex/release-habitat-0-5-1	1d139dd5397755085893a3fe76e697ea3b9746d4	false	832:MERGED:1d139dd5397755085893a3fe76e697ea3b9746d4
mergedPrExactHead	origin/codex/release-habitat-0-5-2	0fe197389c766cb1e9e6536dee577207da845e24	false	837:MERGED:0fe197389c766cb1e9e6536dee577207da845e24
mergedPrExactHead	origin/codex/release-habitat-cli-0-2-4	6101f9e472658ebae5834d2dfc6fc07090a42411	false	762:MERGED:6101f9e472658ebae5834d2dfc6fc07090a42411
mergedPrExactHead	origin/codex/release-habitat-cli-0-3-1	e4f619aa516831710fc03c4d60c146fe26fd169e	false	772:MERGED:e4f619aa516831710fc03c4d60c146fe26fd169e
mergedPrExactHead	origin/codex/release-habitat-installed-artifacts	e9cab17dddc678b4147baf9b31ed7bfd913b3be8	false	731:MERGED:e9cab17dddc678b4147baf9b31ed7bfd913b3be8
mergedPrExactHead	origin/codex/release-habitat-substrate-0-2-1	57a787057f89e43edb1c374c92aa034f582ade1f	false	752:MERGED:57a787057f89e43edb1c374c92aa034f582ade1f
mergedPrExactHead	origin/codex/release-ordinary-oclif-group	2aeea6e1452a30f4b2f196a758e1bf01cb3e8530	false	650:MERGED:2aeea6e1452a30f4b2f196a758e1bf01cb3e8530
mergedPrExactHead	origin/codex/release-rawr-npm	e98da179e97b62136c02cd8c54be1794150749b7	false	775:MERGED:e98da179e97b62136c02cd8c54be1794150749b7
mergedPrExactHead	origin/codex/remove-native-provider-promise-mirror	214d858248005132f3fabfd766721b3ad925ab86	false	561:MERGED:214d858248005132f3fabfd766721b3ad925ab86
mergedPrExactHead	origin/codex/remove-package-output-promise-mirror	cb64b628fc9d682bd8fd08bc1e2350ce7310b420	false	560:MERGED:cb64b628fc9d682bd8fd08bc1e2350ce7310b420
mergedPrExactHead	origin/codex/remove-rejected-habitat-rawr-closures	e6828ab9cb498bdeb40f4775075ed06ef4747788	false	900:MERGED:e6828ab9cb498bdeb40f4775075ed06ef4747788
mergedPrExactHead	origin/codex/remove-release-artifact-identity	35bea09791cd0358181cd652372a795d0ac1cdbf	false	590:MERGED:35bea09791cd0358181cd652372a795d0ac1cdbf
mergedPrExactHead	origin/codex/remove-release-set-byte-churn-test	691656c12f045f7dead4c6ea22bd5cb613f1c2bb	false	803:MERGED:691656c12f045f7dead4c6ea22bd5cb613f1c2bb
mergedPrExactHead	origin/codex/remove-vendor-schema-facade	75b55ad6a246bd41d6a6d86cfb6b880ba815d8b8	true	555:MERGED:75b55ad6a246bd41d6a6d86cfb6b880ba815d8b8
mergedPrExactHead	origin/codex/repair-lifecycle-process-guidance	d74926daa4b5b968ff3dfe4b3fbc5036d1e24036	false	666:MERGED:d74926daa4b5b968ff3dfe4b3fbc5036d1e24036
mergedPrExactHead	origin/codex/repeatable-installed-acceptance	49ca6ada650e7a4c662c3d6b67f290bd263c4fe1	false	898:MERGED:49ca6ada650e7a4c662c3d6b67f290bd263c4fe1
mergedPrExactHead	origin/codex/require-module-context-curation	47c19fad0f6e09303b356d947175fe60641fe68f	false	613:MERGED:47c19fad0f6e09303b356d947175fe60641fe68f
mergedPrExactHead	origin/codex/restore-module-router-authority	a8d11980e4e027b640e0352ece4503f227a7242c	false	659:MERGED:a8d11980e4e027b640e0352ece4503f227a7242c
mergedPrExactHead	origin/codex/retire-architecture-inventory-sync	c1c7184534e99a15b36107eea967e36600b44c3f	false	634:MERGED:c1c7184534e99a15b36107eea967e36600b44c3f
mergedPrExactHead	origin/codex/retire-eslint-structural-authority	7d332ecfa19015c4d4857072f17c62b237897c5e	true	520:MERGED:7d332ecfa19015c4d4857072f17c62b237897c5e
mergedPrExactHead	origin/codex/retire-legacy-agent-sync-fixture	5626d6cb3c0fd0d97a4d59952032ea8fba5dc4e4	false	645:MERGED:5626d6cb3c0fd0d97a4d59952032ea8fba5dc4e4
mergedPrExactHead	origin/codex/retire-lifecycle-runtime-prerequisite	0b46eccbf81a999bc87b4ff5a2d6c2632eb3ccdb	false	694:MERGED:0b46eccbf81a999bc87b4ff5a2d6c2632eb3ccdb
mergedPrExactHead	origin/codex/retire-manual-policy-gates	09a0a0416a890fe4ce9fe3f0713e4bdee300d6e6	false	653:MERGED:09a0a0416a890fe4ce9fe3f0713e4bdee300d6e6
mergedPrExactHead	origin/codex/retire-manual-policy-residue	ddabd0bcb6c0d89fa4f5b4a68f1e6e9f0027bdbe	false	656:MERGED:ddabd0bcb6c0d89fa4f5b4a68f1e6e9f0027bdbe
mergedPrExactHead	origin/codex/retire-manual-structural-gates	4586714d92bc7689e1390e1f3b5bbe009ff8a337	false	651:MERGED:4586714d92bc7689e1390e1f3b5bbe009ff8a337
mergedPrExactHead	origin/codex/retire-predecessor-distribution	907b3233287398f17199ec7c1a0df959ee858aad	false	811:MERGED:907b3233287398f17199ec7c1a0df959ee858aad
mergedPrExactHead	origin/codex/retire-runtime-lab-structural-scanner	bc366e6546b9d046332e8808bc6bafd02130eeda	false	668:MERGED:bc366e6546b9d046332e8808bc6bafd02130eeda
mergedPrExactHead	origin/codex/retire-structural-test-ratchets	f27e4bd4213f6edaf2038e3f06655addc29d3a4c	false	658:MERGED:f27e4bd4213f6edaf2038e3f06655addc29d3a4c
mergedPrExactHead	origin/codex/retire-template-agent-content	428189d66d6f5f5239ec4c36fb0fc7aac9077aa3	false	644:MERGED:428189d66d6f5f5239ec4c36fb0fc7aac9077aa3
mergedPrExactHead	origin/codex/run-pinned-native-grit	f86990bc4a88ca52a8ac67f03c82fa94c345a58b	false	802:MERGED:f86990bc4a88ca52a8ac67f03c82fa94c345a58b
mergedPrExactHead	origin/codex/scope-habitat-service-subjects	069d12b1f3e4bedc679b06f730803e25c3267b8a	false	773:MERGED:069d12b1f3e4bedc679b06f730803e25c3267b8a
mergedPrExactHead	origin/codex/seal-chatgpt-corpus-service	ca432da730efefdc4c46f6711e9be7dabb002027	false	786:MERGED:ca432da730efefdc4c46f6711e9be7dabb002027
mergedPrExactHead	origin/codex/seal-dev-service-topology	99887096271b2c00bfedbd48be8a21ab47c49552	false	787:MERGED:99887096271b2c00bfedbd48be8a21ab47c49552
mergedPrExactHead	origin/codex/seal-example-todo-module-shells	e7d3407d1e45ec618fa278496d5e6436a63b0178	false	619:MERGED:e7d3407d1e45ec618fa278496d5e6436a63b0178
mergedPrExactHead	origin/codex/seal-example-todo-public-face	92fe2d47c48a5f88f55fccd9848a4a308857ecf7	false	605:MERGED:92fe2d47c48a5f88f55fccd9848a4a308857ecf7
mergedPrExactHead	origin/codex/seal-hq-ops-service-topology	392e9c9f4d098d2f438b56f30e6a202b3743148f	false	788:MERGED:392e9c9f4d098d2f438b56f30e6a202b3743148f
mergedPrExactHead	origin/codex/seal-hyperresearch-service-topology	7c7d97e515678aaf5ec60ffedee2b07f999d0b76	false	789:MERGED:7c7d97e515678aaf5ec60ffedee2b07f999d0b76
mergedPrExactHead	origin/codex/seal-lifecycle-service-root	28495303f0f860200fab0c9e28766056ae3bc64e	false	643:MERGED:28495303f0f860200fab0c9e28766056ae3bc64e
mergedPrExactHead	origin/codex/seal-session-service-topology	d1ea07980e0ffc7facd5cecd1e3f0bdd5d030f1d	false	785:MERGED:d1ea07980e0ffc7facd5cecd1e3f0bdd5d030f1d
mergedPrExactHead	origin/codex/seed-habitat-blueprint-frames	d9fd89c1febfa3f6ca312ee1ee0c021cac7037f0	true	538:MERGED:d9fd89c1febfa3f6ca312ee1ee0c021cac7037f0
mergedPrExactHead	origin/codex/service-common-alias-migration	a66c21dd71a93ff9f124f3f61762233426bd7ac3	true	318:MERGED:a66c21dd71a93ff9f124f3f61762233426bd7ac3
mergedPrExactHead	origin/codex/settle-habitat-052-authority	f69979d23227ed7798e110c6bc1ccf7fd63363b7	false	843:MERGED:f69979d23227ed7798e110c6bc1ccf7fd63363b7
mergedPrExactHead	origin/codex/shared-habitat-substrate	2a4b523dd240d4273a33736d8317a17610f7d18a	false	709:MERGED:2a4b523dd240d4273a33736d8317a17610f7d18a
mergedPrExactHead	origin/codex/simplify-agent-release-input	ec386c131a1d162e92c6916ce7e7500f327d7fa3	false	657:MERGED:ec386c131a1d162e92c6916ce7e7500f327d7fa3
mergedPrExactHead	origin/codex/simplify-habitat-publish	2ae28dfe463f80622e7d1ccaf673fee336905b4a	false	780:MERGED:2ae28dfe463f80622e7d1ccaf673fee336905b4a
mergedPrExactHead	origin/codex/simplify-habitat-release	6f1718d4e0067726b4568f46d7366ec9e0deab72	false	777:MERGED:6f1718d4e0067726b4568f46d7366ec9e0deab72
mergedPrExactHead	origin/codex/simplify-service-proof-isolation	889523994f12df1c6161bc693c28c25f89d4849c	false	692:MERGED:889523994f12df1c6161bc693c28c25f89d4849c
mergedPrExactHead	origin/codex/skip-release-lock-refresh	ecbbc86badcaca7ca1d91abbadd3c578f0b79023	false	761:MERGED:ecbbc86badcaca7ca1d91abbadd3c578f0b79023
mergedPrExactHead	origin/codex/spec-system-normative-redesign	cfdda7439acfe0dbd27c83884bd4519a213781db	false	880:MERGED:cfdda7439acfe0dbd27c83884bd4519a213781db
mergedPrExactHead	origin/codex/tighten-repository-ratchet-runtime	1a09c138ad66bc9bed272f6d58bb48e4743a7556	false	840:MERGED:1a09c138ad66bc9bed272f6d58bb48e4743a7556
mergedPrExactHead	origin/codex/type-content-workspace-staged-index	3c85b79714fb492bc9de695bcf0b62695d436141	false	563:MERGED:3c85b79714fb492bc9de695bcf0b62695d436141
mergedPrExactHead	origin/codex/type-content-workspace-status-observation	f5bba05b86667e11fcc53592c48dde1d3b34d54d	false	564:MERGED:f5bba05b86667e11fcc53592c48dde1d3b34d54d
mergedPrExactHead	origin/codex/type-content-workspace-tracked-flags	ab793d3aead6a455aef12bde02885f51860467ea	false	565:MERGED:ab793d3aead6a455aef12bde02885f51860467ea
mergedPrExactHead	origin/codex/type-content-workspace-tree-entries	f5423f6a1c5cbd178855525cc15f962c5ce65372	false	562:MERGED:f5423f6a1c5cbd178855525cc15f962c5ce65372
mergedPrExactHead	origin/codex/untangle-hq-server-cycle	585f468ce329313c2361c249b3ba2f8a4c1b88b6	false	649:MERGED:585f468ce329313c2361c249b3ba2f8a4c1b88b6
mergedPrExactHead	origin/codex/use-ordinary-native-provider-commands	7492e11a03a7560977006e86f9598d8c27d7eeef	false	596:MERGED:7492e11a03a7560977006e86f9598d8c27d7eeef
mergedPrExactHead	origin/codex/use-published-grit-entrypoint	4059b37a218190a47f566a300ad09fa782c8dcb0	false	804:MERGED:4059b37a218190a47f566a300ad09fa782c8dcb0
mergedPrExactHead	origin/codex/verify-registry-installed-habitat	d068c0462969a2041bd3ca446b760e3f49bc70e4	false	828:MERGED:d068c0462969a2041bd3ca446b760e3f49bc70e4
mergedPrExactHead	origin/codex/workflow-harden-e2e-output-capture	1ae04913dfa26611da417dc980a28b1d508831e2	true	328:MERGED:1ae04913dfa26611da417dc980a28b1d508831e2
mergedPrExactHead	origin/dev-agent-config-sync-entity-docs	3fa0234244e72dc9b6ffd8aee2ae14729c6bf998	true	315:MERGED:3fa0234244e72dc9b6ffd8aee2ae14729c6bf998
mergedPrExactHead	origin/docs/workstream-runner-skill-improvement-plan	129c7e88ab95dc429c1ca21608f571227ce77b94	true	309:MERGED:129c7e88ab95dc429c1ca21608f571227ce77b94
mergedPrExactHead	origin/workstream-runner-skill-improvements	021d37b442027f4d1b9209b491d416aad2115970	true	310:MERGED:021d37b442027f4d1b9209b491d416aad2115970
mergedPrDifferentHead	origin/codex/seal-service-module-boundaries	e8142343d9c10198729a8eacd1592d08fb65f999	false	535:MERGED:216e3b1849303eca1b2c09be0c636e393ab19ffe
closedPr	origin/agent-codex-close-native-host-predecessor	0d30c57534f36285f901c4fbab3f4119806fa4ec	false	937:CLOSED:0d30c57534f36285f901c4fbab3f4119806fa4ec
closedPr	origin/agent-codex-move-habitat-sdk-core	f610ded8180174b5dfe6d633df0d22c3a2e16ee0	false	936:CLOSED:f610ded8180174b5dfe6d633df0d22c3a2e16ee0
closedPr	origin/codex/agent-root-align-lifecycle-command-topology	aa12b75354c2b6cf72b26c7afdb95b3bdba7735a	false	476:CLOSED:aa12b75354c2b6cf72b26c7afdb95b3bdba7735a
closedPr	origin/codex/agent-root-restore-biome-admission	4ce31f7976dab61ad8c114dcf446db5a952af909	false	488:CLOSED:4ce31f7976dab61ad8c114dcf446db5a952af909
closedPr	origin/codex/agent-root-upgrade-habitat-sdk	3227bd80ea96139353988d282ccd6abf6dfdeb03	false	473:CLOSED:3227bd80ea96139353988d282ccd6abf6dfdeb03
closedPr	origin/codex/declare-lifecycle-request-errors	01fae1f0e60c6ba3960f88825394e4afd530760f	false	800:CLOSED:01fae1f0e60c6ba3960f88825394e4afd530760f
closedPr	origin/codex/habitat-package-consumer	9004aee14e161d7123969b2e6169b5bf0da6779e	false	823:CLOSED:9004aee14e161d7123969b2e6169b5bf0da6779e
closedPr	origin/codex/localize-service-contract-errors	c074234d7453c2747dd8726fb7e6ae4cb9d58b3b	false	793:CLOSED:c074234d7453c2747dd8726fb7e6ae4cb9d58b3b
closedPr	origin/codex/project-lifecycle-module-schemas	6a3e46024f173ea6182c136a4fa1f8c3187da08f	false	797:CLOSED:6a3e46024f173ea6182c136a4fa1f8c3187da08f
noPr	origin/graphite-base/310	021d37b442027f4d1b9209b491d416aad2115970	true	none
noPr	origin/graphite-base/488	f42e465467f5914a6ac4617b02eecf2ed1b19396	false	none
noPr	origin/graphite-base/936	419d5286bf83a41175a001233de244699c1b72da	false	none
